{"core/structured-data/blog-post":"{{!-- Blog Post: include in blog-post.html page template --}}\n\n<script id=\"schema-blog\">\n  var postDate = '{{blog.post.date_published}}';\n  postDate = postDate.split(' ');\n  postDate = postDate[0].replace(/\\D/g, '');\n  postDate = new Date(postDate);\n  try {\n    postDate = postDate.toISOString();\n  }\n  catch(error) {\n    postDate = '{{blog.post.date_published}}';\n  }\n\n  var schema = document.createElement('script');\n  schema.type = 'application/ld+json';\n  schema.text = JSON.stringify({\n    \"@context\": \"http://schema.org\",\n    \"@type\": \"BlogPosting\",\n    \"mainEntityOfPage\": {\n      \"@type\": \"WebPage\",\n      \"@id\": \"{{blog.post.url}}\"\n    },\n    \"headline\": \"{{blog.post.title}}\",\n    \"image\": {\n      \"@type\": \"ImageObject\",\n      \"url\": \"{{getImage blog.post.thumbnail core-blog-thumbnail}}\",\n      \"height\": 800,\n      \"width\": 800\n    },\n    \"datePublished\": postDate,\n    \"author\": {\n      \"@type\": \"Person\",\n      \"name\": \"{{blog.post.author}}\"\n    },\n     \"publisher\": {\n      \"@type\": \"Organization\",\n      \"name\": \"{{settings.store_name}}\",\n      \"logo\": {\n        \"@type\": \"ImageObject\",\n        \"url\": \"{{getImage settings.store_logo.image}}\",\n        \"width\": 600,\n        \"height\": 60\n      }\n    },\n    \"description\": \"{{blog.post.title}}\"\n  });\n\n  document.querySelector('body').appendChild(schema);\n\n  var script = document.getElementById('schema-blog')\n  script.parentElement.removeChild(script);\n</script>\n"}
