{"components/cart/coupon-codes":"{{inject 'couponCodeEmptyInput' (lang 'cart.coupon_codes.error')}}\n\n<aside class=\"cart-totals-block cart-totals-coupons\" data-coupon-codes>\n  <h2 class=\"cart-block-title\">{{lang 'cart.coupon_codes.coupon_code'}}</h2>\n\n  {{#if cart.coupons}}\n    {{#each cart.coupons}}\n      {{lang 'cart.coupon_codes.label' code=code}}\n      <a href=\"{{remove_url}}\">({{lang 'cart.coupon_codes.remove'}})</a>\n      {{discount.formatted}}\n    {{/each}}\n  {{/if}}\n\n  <div>\n    <p>{{lang 'cart.coupon_codes.enter_code'}}</p>\n\n    <form class=\"form\" method=\"post\" action=\"{{urls.cart}}\" data-coupon-code-form>\n        <input type=\"hidden\" name=\"action\" value=\"applycoupon\">\n        <button class=\"button\" type=\"submit\">\n          {{lang 'cart.coupon_codes.submit'}}\n        </button>\n        <div class=\"input-wrap\">\n          <input\n            class=\"form-input\"\n            id=\"couponcode\"\n            type=\"text\"\n            name=\"search_query_adv\"\n            value=\"\"\n            placeholder=\"{{lang 'cart.coupon_codes.coupon_code'}}\"\n            data-coupon-code-input>\n        </div>\n    </form>\n    <div data-coupon-errors></div>\n\n  </div>\n</aside>\n","components/cart/footer":"{{!--\n  Cart/Totals - The footer on the cart page that displays totals\n--}}\n\n<div class=\"contained\">\n\n  <div class=\"cart-totals-extras\">\n    {{> components/cart/coupon-codes}}\n    {{#if settings.gift_certificates_enabled}}\n      {{> components/cart/gift-certificates}}\n    {{/if}}\n  </div>\n\n  {{> components/cart/totals}}\n\n</div>\n","components/cart/gift-certificates":"{{inject 'giftCertificateInputEmpty' (lang 'cart.gift_certificates.error')}}\n\n<aside class=\"cart-totals-block cart-totals-giftcards\" data-gift-certificates>\n  <h2 class=\"cart-block-title\">{{lang 'cart.gift_certificates.gift_certificate'}}</h2>\n\n  {{#each cart.gift_certificates}}\n    {{lang 'cart.gift_certificates.label' code=code}}\n    {{remaining.formatted}}\n    <a href=\"{{remove_url}}\">{{lang 'cart.gift_certificates.remove'}}</a>\n    {{used.formatted}}\n  {{/each}}\n\n  <div>\n    <p>{{lang 'cart.gift_certificates.enter_code'}}</p>\n\n    <form class=\"form\" method=\"post\" action=\"{{urls.cart}}\" data-gift-certificate-form>\n      <input type=\"hidden\" name=\"action\" value=\"applycoupon\">\n      <button class=\"button\" type=\"submit\">\n        {{lang 'cart.gift_certificates.submit'}}\n      </button>\n      <div class=\"input-wrap\">\n        <input\n        class=\"form-input\"\n        id=\"couponcode\"\n        type=\"text\"\n        name=\"certcode\"\n        value=\"\"\n        placeholder=\"{{lang 'cart.gift_certificates.gift_certificate'}}\"\n        data-gift-certificate-input>\n      </div>\n    </form>\n    <div data-gift-certificate-errors></div>\n\n  </div>\n</aside>\n","components/cart/shipping-calculator":"{{!-- TODO: form elements need same class structure as rest of theme --}}\n<div class=\"shipping-calculator\" data-shipping-calculator>\n  <a href=\"#\" class=\"modal-close\">{{> svg/modal-close}}</a>\n\n  <h2 class=\"section-title\">{{lang 'cart.shipping_calculator.title'}}</h2>\n  <div data-shipping-errors>{{!-- Shipping Messages --}}</div>\n\n  {{!-- Select Destination Form --}}\n  <form class=\"form\">\n    <div class=\"form-field form-field-select form-required\">\n      <label class=\"form-label\" for=\"shipping-country\">\n        <span class=\"form-label-text\">\n          {{lang 'cart.shipping_calculator.select_a_country'}}\n          <span class=\"required-text\">{{lang 'common.required'}}</span>\n        </span>\n        <span class=\"form-field-control\">\n          <span class=\"form-select-wrapper\">\n            <select class=\"form-select\" id=\"shipping-country\" name=\"shipping-country\" data-field-type=\"Country\">\n              <option>{{lang 'cart.shipping_calculator.select_a_country'}}</option>\n              {{#each countries}}\n                <option value=\"{{id}}\" {{#if selected}}selected=\"selected\"{{/if}}>\n                  {{name}}\n                </option>\n              {{/each}}\n            </select>\n          </span>\n        </span>\n      </label>\n    </div>\n\n    <div class=\"form-field form-field-select form-required\">\n      <label class=\"form-label\" for=\"shipping-state\">\n        <span class=\"form-field-title\">\n          {{lang 'cart.shipping_calculator.select_a_state'}}\n          <span class=\"required-text\">{{lang 'common.required'}}</span>\n        </span>\n        <span class=\"form-field-control\">\n          <span class=\"form-select-wrapper\">\n            <select class=\"form-select form-input\" id=\"shipping-state\" name=\"shipping-state\" data-field-type=\"State\">\n              <option>{{lang 'cart.shipping_calculator.select_a_state'}}</option>\n              {{#each states}}\n                <option value=\"{{id}}\" {{#if selected}}selected=\"selected\"{{/if}}>\n                  {{name}}\n                </option>\n              {{/each}}\n            </select>\n          </span>\n        </span>\n      </label>\n    </div>\n\n    {{> core/forms/common/text\n      label=(lang 'cart.shipping_calculator.zip_postal_code')\n      name=\"shipping-zip\"\n      id=\"shipping-zip\"\n    }}\n\n    <div class=\"form-actions\">\n      <button class=\"button\">{{lang 'cart.shipping_calculator.estimate_shipping'}}</button>\n    </div>\n  </form>\n\n  <div data-shipping-quotes class=\"shipping-quotes\">{{!-- API Returned Quotes Display Here--}}</div>\n</div>\n","components/cart/totals":"{{!--\n  Totals Block - displays the summary of prices, subtotals etc.\n--}}\n\n<aside class=\"cart-totals-info\">\n  <div class=\"cart-totals-summary\">\n\n    {{! SubTotal }}\n    <div class=\"cart-totals-summary-values\">\n      <span class=\"cart-total-label\">{{lang 'cart.sub_total'}}</span>\n      <span class=\"cart-total-value\">{{cart.sub_total.formatted}}</span>\n    </div>\n\n    {{! Gift Wrapping Cost }}\n    {{#if cart.gift_wrapping_cost.value \">\" 0}}\n      <div class=\"cart-totals-summary-values\">\n        <span class=\"cart-total-label\">{{lang 'cart.gift_wrapping.title'}}</span>\n        <span class=\"cart-total-value\">{{cart.gift_wrapping_cost.formatted}}</span>\n      </div>\n    {{/if}}\n\n    {{! Coupons Value }}\n    {{#if cart.coupons}}\n      {{#each cart.coupons}}\n        <div class=\"cart-totals-summary-values\">\n          <span class=\"cart-total-label\">{{lang 'cart.coupon_codes.label' code=code}}</span>\n          <span class=\"cart-total-value\">\n            {{discount.formatted}}\n            <a href=\"{{remove_url}}\">{{lang 'cart.coupon_codes.remove'}}</a>\n          </span>\n        </div>\n      {{/each}}\n    {{/if}}\n\n    {{! Discount }}\n    {{#if cart.discount.value \"<\" 0}}\n      <div class=\"cart-totals-summary-values\">\n        <span class=\"cart-total-label\">{{lang 'cart.discount'}}</span>\n        <span class=\"cart-total-value\">{{cart.discount.formatted}}</span>\n      </div>\n    {{/if}}\n\n    {{! Gift Certificates }}\n    {{#each cart.gift_certificates}}\n      <div class=\"cart-totals-summary-values\">\n        <span class=\"cart-total-label\">\n          {{lang 'cart.gift_certificates.gift_certificate'}}\n          <div class=\"gift-cert-meta\">{{lang 'cart.gift_certificates.label' code=code}}</div>\n          <div class=\"gift-cert-meta\">{{lang 'cart.gift_certificates.remaining' value=remaining.formatted}}</div>\n        </span>\n        <span class=\"cart-total-value\">\n          {{used.formatted}}\n          <a href=\"{{remove_url}}\">{{lang 'cart.gift_certificates.remove'}}</a>\n        </span>\n      </div>\n    {{/each}}\n\n    {{! Shipping and Handling }}\n    {{#if cart.shipping_handling.show_estimator}}\n      <div class=\"cart-totals-summary-values\">\n        <span class=\"cart-total-label\">{{lang 'cart.shipping_calculator.estimated_shipping'}}</span>\n        <span class=\"cart-total-value\">\n          {{#if cart.shipping_handling.shipping_cost}}\n            {{cart.shipping_handling.shipping_cost.formatted}}\n            <div class=\"cart-action-minor\">\n              <a data-shipping-calculator-toggle>{{lang 'cart.shipping_calculator.recalculate_shipping'}}</a>\n            </div>\n          {{else}}\n            <a class=\"show-calculator\" data-cancel-text=\"{{lang 'cart.shipping_calculator.cancel'}}\" data-shipping-calculator-toggle>{{lang 'cart.shipping_calculator.estimate_shipping'}}</a>\n          {{/if}}\n        </span>\n      </div>\n    {{/if}}\n\n    {{! Taxes }}\n    {{#each cart.taxes}}\n      <div class=\"cart-totals-summary-values\">\n        <span class=\"cart-total-label\">{{name}}</span>\n        <span class=\"cart-total-value\">{{cost.formatted}}</span>\n      </div>\n    {{/each}}\n\n    {{! Grand Total }}\n    <div class=\"cart-totals-summary-values order-total\">\n      <span class=\"cart-total-label\">{{lang 'cart.grand_total'}}</span>\n      <span class=\"cart-total-value\">{{cart.grand_total.formatted}}</span>\n    </div>\n\n  </div>\n\n  {{! Checkout Button }}\n  <div class=\"cart-totals-checkout\">\n    <a class=\"button\"\n      href=\"{{urls.checkout.single_address}}\">\n      {{lang 'cart.checkout'}}\n    </a>\n  </div>\n\n  {{! Alternative Checkout }}\n  {{#if cart.additional_checkout_buttons}}\n    <div class=\"additional-checkout-buttons\">\n      {{#each cart.additional_checkout_buttons}}\n        {{{this}}}\n      {{/each}}\n    </div>\n  {{/if}}\n\n</aside>\n\n{{! Shipping/Handling Modal}}\n<aside class=\"hidden\" id=\"shipping-modal\">\n  {{> components/cart/shipping-calculator cart.shipping_handling}}\n</aside>\n","core/forms/common/text":"\n<div class=\"form-field form-field-common form-field-text {{#if required}} form-required{{/if}}\" id=\"{{id}}\">\n  <label class=\"form-label\">\n    <span class=\"form-field-title\">\n      {{label}}\n      {{#if required}}<span class=\"required-text\">{{lang 'common.required'}}</span>{{/if}}\n    </span>\n    <span class=\"form-field-control\">\n      <input class=\"form-input\"\n        id=\"input-{{id}}\"\n        name=\"{{name}}\"\n        type=\"text\"\n        placeholder=\"{{prefill}}\"\n        {{#if value}}value=\"{{value}}\"{{/if}}\n        {{#if private_id}}data-field-type=\"{{private_id}}\"{{/if}}\n        {{#if required}}required{{/if}}\n        aria-required=\"{{required}}\">\n    </span>\n  </label>\n</div>\n","svg/modal-close":"<svg xmlns=\"http://www.w3.org/2000/svg\"\n  width=\"20\"\n  height=\"20\"\n  viewBox=\"0 0 20 20\"\n  aria-label=\"{{lang 'common.modals.close'}}\"\n  role=\"icon\">\n  <title>{{{lang 'common.modals.close'}}}</title>\n  <path fill-rule=\"evenodd\" fill=\"currentColor\" d=\"M8.87 10l-7.7-7.7c-.32-.32-.32-.83 0-1.14.3-.3.8-.3 1.12 0l7.7 7.7 7.7-7.7c.3-.3.8-.3 1.1 0 .3.3.3.82 0 1.13L11.1 10l7.7 7.7c.3.3.3.8 0 1.1-.3.3-.8.3-1.12 0l-7.7-7.7-7.7 7.7c-.33.3-.84.3-1.15 0-.3-.3-.3-.8 0-1.12l7.7-7.7z\"/>\n</svg>\n"}
