{"components/common/image":"{{!--\n  Helper to display any image with alt text. Pass in\n  @param img         The image object\n  @param size        The preset size to use.\n  @param url         Optional: Set the url this image should link to.\n  @param default     Default image to display\n  @param image-ratio   The image class to apply to the wrapping element.\n  @param not-lazy    Optional: do not lazy load (mainly used for ajax-loaded images)\n--}}\n\n{{#if not-lazy}}\n  {{#if url}}\n    <a class=\"replaced-image {{image-ratio}} {{#unless img}}no-image{{/unless}}\"\n      href=\"{{url}}\"\n      style=\"background-image: url({{getImage img size (cdn default)}});\"\n    >\n      <img\n        src=\"{{getImage img size (cdn default)}}\"\n        alt=\"{{image.alt}}\"\n      >\n    </a>\n  {{else}}\n    <div\n      class=\"replaced-image {{image-ratio}} {{#unless img}}no-image{{/unless}}\"\n      style=\"background-image: url({{getImage img size (cdn default)}});\"\n    >\n      <img\n        src=\"{{getImage img size (cdn default)}}\"\n        alt=\"{{image.alt}}\"\n      >\n    </div>\n  {{/if}}\n{{else}}\n  {{#if url}}\n    <a class=\"lazy-image replaced-image {{image-ratio}} {{#unless img}}no-image{{/unless}}\"\n      href=\"{{url}}\"\n      data-src=\"{{getImage img size (cdn default)}}\"\n    >\n      <img\n        class=\"lazy-image\"\n        data-src=\"{{getImage img size (cdn default)}}\"\n        alt=\"{{image.alt}}\"\n      >\n    </a>\n  {{else}}\n    <div\n      class=\"lazy-image replaced-image {{image-ratio}} {{#unless img}}no-image{{/unless}}\"\n      data-src=\"{{getImage img size (cdn default)}}\"\n    >\n      <img\n        class=\"lazy-image\"\n        data-src=\"{{getImage img size (cdn default)}}\"\n        alt=\"{{image.alt}}\"\n      >\n    </div>\n  {{/if}}\n{{/if}}\n","components/common/price-class":"{{#if price.with_tax}}\n  {{#unless price.without_tax}}\n    {{#if price.rrp_with_tax}}\n      prices-taxed-onsale\n    {{else}}\n      prices-taxed\n    {{/if}}\n  {{/unless}}\n{{/if}}\n{{#if price.without_tax}}\n  {{#unless price.with_tax}}\n    {{#if price.rrp_without_tax}}\n      prices-notax-onsale\n    {{else}}\n      prices-notax\n    {{/if}}\n  {{/unless}}\n{{/if}}\n{{#if price.with_tax}}\n  {{#if price.without_tax}}\n    {{#if price.rrp_with_tax}}\n      prices-both-onsale\n    {{else}}\n      prices-both\n    {{/if}}\n  {{/if}}\n{{/if}}\n","components/product-lists/swiper-sidebar-list":"{{!--\r\n  Product Sidebar List\r\n  Display new, featured, related products (etc) as a mini-grid.\r\n  Used in several places throughout the site.\r\n\r\n  @param title\r\n    The title to display for this section\r\n\r\n  @param products\r\n    The product array to display\r\n--}}\r\n\r\n{{#if products}}\r\n\r\n  <section class=\"swiper-container products-featured products-sidebar contained\">\r\n\r\n    <h2 class=\"section-title\">{{title}}</h2>\r\n\r\n    <div class=\"swiper-wrapper products-sidebar-grid\">\r\n      {{#each products}}\r\n        {{> components/product/swiper-product-grid-item\r\n          quickshop=../quickshop\r\n          default-image=../theme_settings.default_image\r\n          image-ratio=../image-ratio}}\r\n      {{/each}}\r\n    </div>\r\n \r\n    <!-- If we need navigation buttons -->\r\n    <div class=\"swiper-container-left\">\r\n        <div class=\"swiper-button-prev\"></div>\r\n    </div>\r\n    <div class=\"swiper-container-right\">\r\n        <div class=\"swiper-button-next\"></div>\r\n     </div>\r\n\r\n  </section>\r\n{{/if}}\r\n","components/product/price":"{{!\n  Product Price - Sale vs Normal, With Tax vs Without\n\n  @param this price object\n\n  @param show_savings bool (optional)\n         If true, show a label saying how much is saved from the full price.\n\n  @param schema_org bool (optional)\n         If false, will keep the schema.org meta data out of this price.\n}}\n{{#if price}}\n\n  <span class=\"price {{> components/common/price-class}}\"\n    itemprop=\"offers\"\n    itemscope\n    itemtype=\"http://schema.org/Offer\">\n\n    {{#if schema_org}}\n      <meta itemprop=\"priceCurrency\" content=\"{{currency_selector.active_currency_code}}\">\n      {{#if price.without_tax}}\n        <meta itemprop=\"price\" content=\"{{price.without_tax.value}}\">\n      {{else}}\n        <meta itemprop=\"price\" content=\"{{price.with_tax.value}}\">\n      {{/if}}\n    {{/if}}\n\n    {{#if price.with_tax}}\n      <span class=\"price-withtax\" data-price=\"with-tax\">\n        <span class=\"price-value\" data-price-value=\"with-tax\">\n          {{price.with_tax.formatted}}\n        </span>\n        {{#if price.rrp_with_tax}}\n          <span class=\"price-rrp\" data-price-rrp=\"with-tax\">{{price.rrp_with_tax.formatted}}</span>\n        {{/if}}\n        {{#if price.without_tax}}\n          <span class=\"price-tax-label\">{{lang 'product.including_tax' tax_label=price.tax_label}}</span>\n        {{/if}}\n      </span>\n    {{/if}}\n\n    {{#if price.without_tax}}\n      <span class=\"price-withouttax\" data-price=\"without-tax\">\n        <span class=\"price-value\" data-price-value=\"without-tax\">\n          {{price.without_tax.formatted}}\n        </span>\n        {{#if price.rrp_without_tax}}\n          <span class=\"price-rrp\" data-price-rrp=\"without-tax\">{{price.rrp_without_tax.formatted}}</span>\n        {{/if}}\n        {{#if price.with_tax}}\n          <span class=\"price-tax-label\">{{lang 'product.excluding_tax' tax_label=price.tax_label}}</span>\n        {{/if}}\n      </span>\n    {{/if}}\n\n    {{#if show_savings}}\n      {{#if price.saved}}\n        <span class=\"price-saved\" data-price-saved>\n          ({{lang 'product.you_save'}} {{price.saved.formatted}})\n        </span>\n      {{/if}}\n    {{/if}}\n\n  </span>\n{{/if}}\n","components/product/swiper-product-grid-item":"{{!--\n  Product Grid Item - As displayed within a grid listing of products.\n\n  @param product object\n    The product object to display, handed over from the loop\n\n  @param compare bool\n    Whether to show \"compare\" checkboxes.\n\n  @param quickshop theme-setting\n    Theme setting to enable / disable quickshop\n\n  @param image-ratio theme-setting\n    The image ratio for this grid to display at.\n--}}\n\n<article\n  class=\"swiper-slide product-item{{#if compare}} product-item-compare{{/if}}{{#if quickshop}} product-item-quickshop{{/if}}\">\n\n  {{#if out_of_stock_message}}\n    <span class=\"product-badge badge-sold-out\">{{lang 'product.sold_out'}}</span>\n  {{else if price.saved}}\n    <span class=\"product-badge badge-sale\">{{lang 'product.sale'}}</span>\n  {{/if}}\n\n  <div class=\"product-item-image\">\n    {{> components/common/image\n      img=image\n      size=\"productlist\"\n      ratio=image-ratio\n      default=default-image\n      image-ratio=image-ratio\n    }}\n\n    <div class=\"product-item-overlay\">\n      {{#if compare}}\n        <label class=\"compare-checkbox-label\" for=\"compare-{{id}}\">\n          <input\n            class=\"compare-checkbox\"\n            id=\"compare-{{id}}\"\n            type=\"checkbox\"\n            data-compare-checkbox\n            data-compare-id=\"{{id}}\"\n            data-compare-title=\"{{name}}\"\n            data-compare-url=\"{{url}}\"\n            data-compare-price=\"{{price}}\"\n            data-compare-thumbnail=\"{{getImage image 'thumb' (cdn default-image)}}\">\n          <span class=\"compare-label-text\">\n            {{lang 'core.product.compare'}}\n          </span>\n        </label>\n      {{/if}}\n    </div>\n  </div>\n\n  <div class=\"product-item-details\">\n    <h3 class=\"item-title\"><a href=\"{{url}}\">{{{name}}}</a></h3>\n    {{> components/product/price price=price}}\n  </div>\n\n  {{#if quickshop}}\n    <a class=\"button-quickshop\" href=\"{{url}}\" data-quick-shop=\"{{id}}\">\n      {{> svg/quickview}}{{lang 'common.quickview'}}\n    </a>\n  {{/if}}\n\n</article>\n","svg/quickview":"<svg class=\"icon-zoom\" xmlns=\"http://www.w3.org/2000/svg\" preserveAspectRatio=\"xMidYMid\" width=\"16\" height=\"16\" viewBox=\"0 0 16 16\"><path d=\"M16.003 15.354c-.004.178-.08.343-.21.466-.126.118-.292.184-.467.184-.187 0-.36-.074-.49-.207l-4.765-4.933C9.01 11.7 7.666 12.2 6.204 12.2 2.78 12.2-.004 9.46-.004 6.097c0-3.364 2.785-6.1 6.207-6.1 3.422 0 6.207 2.736 6.207 6.1 0 1.448-.517 2.78-1.38 3.827l4.787 4.954c.125.128.19.296.186.474zm-4.948-9.256c0-2.63-2.177-4.77-4.852-4.77-2.675 0-4.852 2.14-4.852 4.77 0 2.63 2.178 4.77 4.853 4.77s4.852-2.14 4.852-4.77zm-2.364.666H6.88v1.78c0 .367-.303.665-.677.665-.373 0-.677-.3-.677-.666v-1.78h-1.81c-.375 0-.678-.3-.678-.666 0-.367.303-.666.677-.666h1.81v-1.78c0-.367.305-.666.678-.666.374 0 .677.3.677.666v1.78h1.81c.375 0 .678.3.678.666 0 .367-.303.666-.677.666z\" class=\"cls-1\"/></svg>\n"}
