{"components/faceted-search/facet-block":"{{!--\n  Displays a facet block in the sidebar of product-listing pages\n  and includes toggling facet controls open / closed\n--}}\n\n{{#if visible}}\n  <div class=\"sidebar-block facet-{{toLowerCase facet}} {{#unless items.length}}no-items{{/unless}}\" data-facet-filter>\n\n    <h5 class=\"facet-block-title\" data-facet-toggle>\n      {{title}}\n\n      {{#if start_collapsed}}\n        <span>&#43;</span>\n      {{else}}\n        <span>&ndash;</span>\n      {{/if}}\n    </h5>\n\n    {{{dynamicComponent 'components/faceted-search/facets'}}}\n\n    {{#if remove_url}}\n      <a class=\"facet-remove\" href=\"{{remove_url}}\" data-faceted-search-facet data-facet-remove>{{lang 'faceted_search.clear'}}</a>\n    {{/if}}\n\n  </div>\n{{/if}}\n","components/faceted-search/facets/hierarchy":"<ul\n  class=\"facet-option {{#unless selected}}{{#if start_collapsed}}hidden{{/if}}{{/unless}}\"\n  data-count=\"{{items_count}}\"\n  data-facet-filter-wrapper>\n\n  {{#each items}}\n    <li class=\"facet-item\" data-facet-item>\n      <a\n        href=\"{{url}}\"\n        rel=\"nofollow\"\n        data-faceted-search-facet>\n        {{title}}\n        {{#if ../show_product_counts}}<span data-facet-item-count>({{count}})</span>{{/if}}\n      </a>\n    </li>\n  {{/each}}\n</ul>\n\n{{#if show_more_toggle}}\n  <a class=\"facet-list-show-more\" href=\"#\" data-facet-more=\"{{facet}}\">\n    <span class=\"toggle-link-text toggle-link-text-off\">{{lang 'faceted_search.show_more'}}</span>\n    <span class=\"toggle-link-text toggle-link-text-on\">{{lang 'faceted_search.show_less'}}</span>\n  </a>\n{{/if}}\n","components/faceted-search/facets/multi":"<ul\n  class=\"facet-option {{#unless selected}}{{#if start_collapsed}}hidden{{/if}}{{/unless}}\"\n  data-count=\"{{items_count}}\"\n  data-facet-filter-wrapper>\n\n  {{#each items}}\n    <li class=\"facet-item {{#if selected}}active{{/if}}\" data-facet-item>\n      <a\n        href=\"{{url}}\"\n        rel=\"nofollow\"\n        data-faceted-search-facet>\n        {{title}}\n        {{#if ../show_product_counts}}<span data-facet-item-count>({{count}})</span>{{/if}}\n      </a>\n    </li>\n  {{/each}}\n</ul>\n\n  {{#if show_more_toggle}}\n    <a class=\"facet-list-show-more\" href=\"#\" data-facet-more=\"{{facet}}\">\n      <span class=\"toggle-link-text toggle-link-text-off\">{{lang 'faceted_search.show_more'}}</span>\n      <span class=\"toggle-link-text toggle-link-text-on\">{{lang 'faceted_search.show_less'}}</span>\n    </a>\n  {{/if}}\n","components/faceted-search/facets/range":"<form class=\"faceted-range {{#if start_collapsed}}{{#unless selected}}hidden{{/unless}}{{/if}}\" method=\"get\" data-facet-filter-wrapper data-faceted-search-range>\n  {{#each current_selected_items}}\n    <input type=\"hidden\" name=\"{{param_name}}\" value=\"{{param_value}}\"/>\n  {{/each}}\n\n  <div class=\"form-field\">\n    <input\n      class=\"form-input\"\n      name=\"min_price\"\n      min=\"0\"\n      type=\"number\"\n      value=\"{{min_price}}\"\n      placeholder=\"{{lang 'faceted_search.min_price'}}\"\n      required\n    />\n  </div>\n\n  <div class=\"form-field\">\n    <input\n      class=\"form-input\"\n      name=\"max_price\"\n      min=\"0\"\n      type=\"number\"\n      value=\"{{max_price}}\"\n      placeholder=\"{{lang 'faceted_search.max_price'}}\"\n      required\n    />\n  </div>\n\n  <div class=\"form-actions\">\n    <input class=\"button\" type=\"submit\" value=\"{{lang 'faceted_search.update'}}\">\n  </div>\n\n</form>\n","components/faceted-search/facets/rating":"<ul class=\"{{#if start_collapsed}}hidden{{/if}}\" data-facet-filter-wrapper>\n  {{#each items}}\n    <li class=\"facet-item\" data-facet-item>\n      <a\n        class=\"facet-rating-link\"\n        href=\"{{url}}\"\n        rel=\"nofollow\"\n        data-faceted-search-facet>\n        {{> components/reviews/ratings rating=param_value}}\n        {{#if ../show_product_counts}}\n          <span data-facet-item-count>\n            ({{#if count}}{{count}}{{else}}0{{/if}})\n          </span>\n        {{/if}}\n      </a>\n    </li>\n  {{/each}}\n</ul>\n","components/product-lists/shop-by-brand":"{{!--\n  Shop by Brand Sidebar block\n  Shows a list of brands to select from\n\n  @param this   shop_by_brand\n    The \"shop_by_price\" object from categories / search / etc\n--}}\n\n{{#if this.length}}\n  <nav class=\"sidebar-block\">\n    <h2 class=\"sidebar-title\">{{lang 'unfaceted_search.shop_by_brand'}}</h2>\n    <ul class=\"shop-by-brand-list\">\n      {{#each this}}\n        <li class=\"shop-by-brand-item\">\n          <a class=\"shop-by-brand-action {{#if selected}}active{{/if}}\" href=\"{{url}}\"\n            title=\"{{name}}\">{{name}}\n          </a>\n        </li>\n      {{/each}}\n    </ul>\n  </nav>\n{{/if}}\n","components/product-lists/shop-by-price":"{{!--\n  Shop by Price Sidebar block\n  Shows a list of price ranges to narrow results\n\n  @param this   listtype.shop_by_price\n    The \"shop_by_price\" object from categories / search / etc\n--}}\n\n{{#if this.length}}\n  <nav class=\"sidebar-block\">\n    <h2 class=\"sidebar-title\">{{lang 'unfaceted_search.shop_by_price'}}</h2>\n    <ul class=\"shop-by-price-list\">\n      {{#each this}}\n        <li class=\"shop-by-price-item\">\n          <a class=\"shop-by-price-action {{#if selected}}active{{/if}}\" href=\"{{url}}\"\n            title=\"{{low.formatted}} - {{high.formatted}}\">{{low.formatted}} - {{high.formatted}}\n          </a>\n        </li>\n      {{/each}}\n    </ul>\n  </nav>\n{{/if}}\n","components/product-lists/sidebar":"{{!--\n  Product List - Sidebar\n  Displays a series of blocks with search facet options.\n\n  @param TODO: fill this in - needs to be passed the data from the page I think\n\n  @param listtype   The category object for list, search, brand, etc\n--}}\n\n<aside class=\"product-list-sidebar\">\n\n  {{!> components/product-lists/product-count ... }}\n  {{! Not Possible Yet: \"Showing 1 - 9 of 75\" TODO when possible.}}\n\n  {{#if listtype.faceted_search_enabled}}\n    <div class=\"faceted-search-blocks\" data-faceted-search>\n      {{#each listtype.facets}}\n        {{> components/faceted-search/facet-block}}\n      {{/each}}\n    </div>\n  {{else}}\n    <div class=\"faceted-search-blocks\">\n      {{> components/product-lists/subcategories listtype}}\n      {{#if theme_settings.show_shop_by_price}}\n        {{> components/product-lists/shop-by-price listtype.shop_by_price}}\n      {{/if}}\n      {{#if theme_settings.show_shop_by_brand}}\n        {{> components/product-lists/shop-by-brand shop_by_brand}}\n      {{/if}}\n    </div>\n  {{/if}}\n\n</aside>\n","components/product-lists/subcategories":"{{!--\n  Subcategories Block - Shows the product subcategories in the sidebar.\n--}}\n\n{{#if subcategories}}\n  <div class=\"sidebar-block subcategories-block\">\n    <h3 class=\"facet-block-title\">{{lang 'category.title'}}</h3>\n    <ul class=\"sidebar-categories\">\n      {{#each subcategories}}\n        <li class=\"subcategory\">\n          <a href=\"{{url}}\">{{{name}}}</a>\n        </li>\n      {{/each}}\n    </ul>\n  </div>\n{{/if}}\n","components/reviews/ratings":"{{!--\n  Display Rating as Series of Stars\n\n  @param rating\n    The Rating value to display.\n--}}\n\n<span class=\"rating-stars\" aria-hidden=\"true\">\n  {{#for 1 5}}\n    {{#if ../rating '>=' $index}}\n      <svg class=\"star star-full\">\n        <use xlink:href=\"#icon-star-full\">\n      </svg>\n    {{else}}\n      <svg class=\"star star-empty\">\n        <use xlink:href=\"#icon-star\">\n      </svg>\n    {{/if}}\n  {{/for}}\n</span>\n"}
