{"components/common/image":"{{!--\n  Helper to display any image with alt text. Pass in\n  @param img         The image object\n  @param size        The preset size to use.\n  @param url         Optional: Set the url this image should link to.\n  @param default     Default image to display\n  @param image-ratio   The image class to apply to the wrapping element.\n  @param not-lazy    Optional: do not lazy load (mainly used for ajax-loaded images)\n--}}\n\n{{#if not-lazy}}\n  {{#if url}}\n    <a class=\"replaced-image {{image-ratio}} {{#unless img}}no-image{{/unless}}\"\n      href=\"{{url}}\"\n      style=\"background-image: url({{getImage img size (cdn default)}});\"\n    >\n      <img\n        src=\"{{getImage img size (cdn default)}}\"\n        alt=\"{{image.alt}}\"\n      >\n    </a>\n  {{else}}\n    <div\n      class=\"replaced-image {{image-ratio}} {{#unless img}}no-image{{/unless}}\"\n      style=\"background-image: url({{getImage img size (cdn default)}});\"\n    >\n      <img\n        src=\"{{getImage img size (cdn default)}}\"\n        alt=\"{{image.alt}}\"\n      >\n    </div>\n  {{/if}}\n{{else}}\n  {{#if url}}\n    <a class=\"lazy-image replaced-image {{image-ratio}} {{#unless img}}no-image{{/unless}}\"\n      href=\"{{url}}\"\n      data-src=\"{{getImage img size (cdn default)}}\"\n    >\n      <img\n        class=\"lazy-image\"\n        data-src=\"{{getImage img size (cdn default)}}\"\n        alt=\"{{image.alt}}\"\n      >\n    </a>\n  {{else}}\n    <div\n      class=\"lazy-image replaced-image {{image-ratio}} {{#unless img}}no-image{{/unless}}\"\n      data-src=\"{{getImage img size (cdn default)}}\"\n    >\n      <img\n        class=\"lazy-image\"\n        data-src=\"{{getImage img size (cdn default)}}\"\n        alt=\"{{image.alt}}\"\n      >\n    </div>\n  {{/if}}\n{{/if}}\n","components/common/pagination":"{{!--\n  Pagination: Previous / Next buttons and a list of links to other pages.\n  @param this Object containing links, count, etc\n--}}\n<nav class=\"pagination\">\n  {{#if previous}}\n    <a class=\"pagination-item pagination-previous\" href=\"{{previous}}\" data-faceted-search-facet>\n      <span class=\"visually-hidden\">{{lang 'common.pagination.previous'}}</span>\n    </a>\n  {{/if}}\n\n  {{#each links}}\n    <a\n      class=\"pagination-item{{#if number \"==\" ../current}} pagination-current{{/if}}\"\n      href=\"{{url}}\"\n      data-faceted-search-facet>\n      {{number}}\n    </a>\n  {{/each}}\n\n  {{#if next}}\n    <a class=\"pagination-item pagination-next\" href=\"{{next}}\" data-faceted-search-facet>\n      <span class=\"visually-hidden\">{{lang 'common.pagination.next'}}</span>\n    </a>\n  {{/if}}\n</nav>\n","components/common/price-class":"{{#if price.with_tax}}\n  {{#unless price.without_tax}}\n    {{#if price.rrp_with_tax}}\n      prices-taxed-onsale\n    {{else}}\n      prices-taxed\n    {{/if}}\n  {{/unless}}\n{{/if}}\n{{#if price.without_tax}}\n  {{#unless price.with_tax}}\n    {{#if price.rrp_without_tax}}\n      prices-notax-onsale\n    {{else}}\n      prices-notax\n    {{/if}}\n  {{/unless}}\n{{/if}}\n{{#if price.with_tax}}\n  {{#if price.without_tax}}\n    {{#if price.rrp_with_tax}}\n      prices-both-onsale\n    {{else}}\n      prices-both\n    {{/if}}\n  {{/if}}\n{{/if}}\n","components/faceted-search/facet-block":"{{!--\n  Displays a facet block in the sidebar of product-listing pages\n  and includes toggling facet controls open / closed\n--}}\n\n{{#if visible}}\n  <div class=\"sidebar-block facet-{{toLowerCase facet}} {{#unless items.length}}no-items{{/unless}}\" data-facet-filter>\n\n    <h5 class=\"facet-block-title\" data-facet-toggle>\n      {{title}}\n\n      {{#if start_collapsed}}\n        <span>&#43;</span>\n      {{else}}\n        <span>&ndash;</span>\n      {{/if}}\n    </h5>\n\n    {{{dynamicComponent 'components/faceted-search/facets'}}}\n\n    {{#if remove_url}}\n      <a class=\"facet-remove\" href=\"{{remove_url}}\" data-faceted-search-facet data-facet-remove>{{lang 'faceted_search.clear'}}</a>\n    {{/if}}\n\n  </div>\n{{/if}}\n","components/faceted-search/facets/hierarchy":"<ul\n  class=\"facet-option {{#unless selected}}{{#if start_collapsed}}hidden{{/if}}{{/unless}}\"\n  data-count=\"{{items_count}}\"\n  data-facet-filter-wrapper>\n\n  {{#each items}}\n    <li class=\"facet-item\" data-facet-item>\n      <a\n        href=\"{{url}}\"\n        rel=\"nofollow\"\n        data-faceted-search-facet>\n        {{title}}\n        {{#if ../show_product_counts}}<span data-facet-item-count>({{count}})</span>{{/if}}\n      </a>\n    </li>\n  {{/each}}\n</ul>\n\n{{#if show_more_toggle}}\n  <a class=\"facet-list-show-more\" href=\"#\" data-facet-more=\"{{facet}}\">\n    <span class=\"toggle-link-text toggle-link-text-off\">{{lang 'faceted_search.show_more'}}</span>\n    <span class=\"toggle-link-text toggle-link-text-on\">{{lang 'faceted_search.show_less'}}</span>\n  </a>\n{{/if}}\n","components/faceted-search/facets/multi":"<ul\n  class=\"facet-option {{#unless selected}}{{#if start_collapsed}}hidden{{/if}}{{/unless}}\"\n  data-count=\"{{items_count}}\"\n  data-facet-filter-wrapper>\n\n  {{#each items}}\n    <li class=\"facet-item {{#if selected}}active{{/if}}\" data-facet-item>\n      <a\n        href=\"{{url}}\"\n        rel=\"nofollow\"\n        data-faceted-search-facet>\n        {{title}}\n        {{#if ../show_product_counts}}<span data-facet-item-count>({{count}})</span>{{/if}}\n      </a>\n    </li>\n  {{/each}}\n</ul>\n\n  {{#if show_more_toggle}}\n    <a class=\"facet-list-show-more\" href=\"#\" data-facet-more=\"{{facet}}\">\n      <span class=\"toggle-link-text toggle-link-text-off\">{{lang 'faceted_search.show_more'}}</span>\n      <span class=\"toggle-link-text toggle-link-text-on\">{{lang 'faceted_search.show_less'}}</span>\n    </a>\n  {{/if}}\n","components/faceted-search/facets/range":"<form class=\"faceted-range {{#if start_collapsed}}{{#unless selected}}hidden{{/unless}}{{/if}}\" method=\"get\" data-facet-filter-wrapper data-faceted-search-range>\n  {{#each current_selected_items}}\n    <input type=\"hidden\" name=\"{{param_name}}\" value=\"{{param_value}}\"/>\n  {{/each}}\n\n  <div class=\"form-field\">\n    <input\n      class=\"form-input\"\n      name=\"min_price\"\n      min=\"0\"\n      type=\"number\"\n      value=\"{{min_price}}\"\n      placeholder=\"{{lang 'faceted_search.min_price'}}\"\n      required\n    />\n  </div>\n\n  <div class=\"form-field\">\n    <input\n      class=\"form-input\"\n      name=\"max_price\"\n      min=\"0\"\n      type=\"number\"\n      value=\"{{max_price}}\"\n      placeholder=\"{{lang 'faceted_search.max_price'}}\"\n      required\n    />\n  </div>\n\n  <div class=\"form-actions\">\n    <input class=\"button\" type=\"submit\" value=\"{{lang 'faceted_search.update'}}\">\n  </div>\n\n</form>\n","components/faceted-search/facets/rating":"<ul class=\"{{#if start_collapsed}}hidden{{/if}}\" data-facet-filter-wrapper>\n  {{#each items}}\n    <li class=\"facet-item\" data-facet-item>\n      <a\n        class=\"facet-rating-link\"\n        href=\"{{url}}\"\n        rel=\"nofollow\"\n        data-faceted-search-facet>\n        {{> components/reviews/ratings rating=param_value}}\n        {{#if ../show_product_counts}}\n          <span data-facet-item-count>\n            ({{#if count}}{{count}}{{else}}0{{/if}})\n          </span>\n        {{/if}}\n      </a>\n    </li>\n  {{/each}}\n</ul>\n","components/other-search-results":"{{!-- Showing individual blog and page results on the search page --}}\n\n{{#each content_results}}\n  <article class=\"search-result content-result\">\n    <h3 class=\"search-result-title\"><a href=\"{{url}}\">{{title}}</a></h3>\n    <p>{{content}}</p>\n    <p class=\"content-result-type\">{{type}}</p>\n  </article>\n{{/each}}\n\n{{> components/common/pagination pagination.content_results}}\n","components/product-lists/category-header":"{{!--\n  Category List Header\n\n  Special header displayed on top of category pages\n  Displays the category image if it's available.\n\n--}}\n\n<header class=\"category-header{{#if category.image.data}} category-header-bg{{/if}}\"\n  {{#if category.image.data}}\n    style=\"background-image: url({{getImage category.image 'large'}});\"\n  {{/if}}>\n  <div class=\"page-details {{#if category.description}}has-description{{/if}}\">\n    <h1 class=\"page-title\">{{category.name}}</h1>\n    {{#if category.description}}\n      <div class=\"page-description\">\n        {{{category.description}}}\n      </div>\n    {{/if}}\n  </div>\n</header>\n","components/product-lists/display":"{{!--\n  Product List Display - A wrapper around different types of product lists\n  Displays a list of products (category / brand / search)\n\n  @param listtype       The section this display applies to.\n  @param pagination     The pagination object related to this view.\n  @param quickshop      Whether to show the quickshop button.\n\n--}}\n\n{{! Product Items -- displayed as grid / list}}\n<div class=\"product-list-content\">\n\n  {{!-- TODO: Add options to display list items instead of grid (or just remove this block)\n    {{#if theme_settings.product_list_display_mode '===' 'grid'}}\n      {{> components/product-lists/grid\n        products=listtype.products\n        compare=listtype.show_compare\n      }}\n    {{else}}\n      {{> components/product-lists/list\n        products=listtype.products\n        compare=listtype.show_compare\n      }}\n    {{/if}}\n  --}}\n\n  {{> components/product-lists/grid\n    products=listtype.products\n    quickshop=quickshop\n    compare=listtype.show_compare\n  }}\n\n  {{> components/common/pagination pagination}}\n</div>\n","components/product-lists/grid":"{{!--\n  Product List Grid - Displays products in a grid like fashion.\n\n  @param products\n    The list of product items to loop over / display.\n--}}\n\n{{#if products.length}}\n\n  <ul class=\"product-grid\">\n    {{#each products}}\n      <li class=\"product-grid-item\">\n        {{> components/product/product-grid-item\n          image-ratio=../theme_settings.image_ratio_grid\n          default-image=../theme_settings.default_image\n          compare=../compare\n          quickshop=../quickshop\n        }}\n      </li>\n    {{/each}}\n  </ul>\n\n{{else}}\n  <div class=\"contained contained-narrow\">\n    <p>{{lang 'search.results.no_results'}}</p>\n    {{> components/search-box}}\n  </div>\n{{/if}}\n","components/product-lists/index":"{{!--\n  Product List -- Index\n\n  Wrapper around the product-list content that takes care of assigning the\n  values that the child templates will need. This is the template to call\n  via ajax when updating product list content.\n\n  # Summary of Component Tree:\n\n  Base Page: Category / Brand / Search\n    Product-List Index (switch / ajax content root)\n      Display (sidebar/paginate etc)\n        List or Grid\n          Product Items\n\n--}}\n\n{{#if category}}\n  {{{snippet 'categories'}}}\n\n  {{> components/product-lists/category-header category=category}}\n\n  {{> components/product-lists/list-utils\n    listtype=category\n    pagination=pagination.category\n  }}\n\n  {{> components/product-lists/display\n    listtype=category\n    pagination=pagination.category\n    quickshop=theme_settings.use_quickshop\n  }}\n{{/if}}\n\n{{#if brand}}\n  {{{snippet 'brand'}}}\n\n  {{> components/product-lists/category-header category=brand}}\n\n  {{> components/product-lists/list-utils\n    listtype=brand\n    pagination=pagination.brand\n  }}\n\n  {{> components/product-lists/display\n    listtype=brand\n    pagination=pagination.brand\n    quickshop=theme_settings.use_quickshop\n  }}\n{{/if}}\n\n{{#if product_results}}\n  {{{snippet 'search'}}}\n\n  <div class=\"search-tabs-nav\">\n    <button class=\"search-tab-toggle active\" data-search-tab-toggle=\"products\">{{lang 'search.results.tab_products'}} {{pagination.product_results.total}}</button>\n    <button class=\"search-tab-toggle\" data-search-tab-toggle=\"other\">{{lang 'search.results.tab_other'}} {{pagination.content_results.total}}</button>\n  </div>\n\n  {{! Search Tabs to select between products / content results}}\n  <div class=\"search-tabs\" data-search-tab=\"products\">\n    {{> components/product-lists/list-utils\n      listtype=product_results\n      pagination=pagination.product_results\n    }}\n\n    {{> components/product-lists/display\n      listtype=product_results\n      pagination=pagination.product_results\n      quickshop=theme_settings.use_quickshop\n    }}\n\n    {{> components/search-brand-category-results}}\n  </div>\n\n  {{! Content Results}}\n  <div class=\"search-tabs hidden\" data-search-tab=\"other\">\n\n    {{! Minimal List Utils for Content Results}}\n    <div class=\"product-list-utils\">\n      {{> components/product-lists/list-results-counter\n        listtype=content_results\n        pagination=pagination.content_results}}\n\n      {{> components/product-lists/sort sort=pagination.sort}}\n    </div>\n\n    {{> components/other-search-results}}\n\n  </div>\n\n{{/if}}\n","components/product-lists/list":"Product List (non-grid)\n{{! TODO: Maybe include this template? Or remove entirely.}}\n","components/product-lists/list-results-counter":"{{!--\n  Product List Results\n\n  @param pagination   Pagination object which contains start and end numbers.\n  @param listtype     Product list object which contains the items (and total available)\n--}}\n\n{{#if listtype.total_products}}\n  <span class=\"product-list-results\">\n    {{#if pagination.start}}\n      {{lang 'common.displaying_X_results_of' start=pagination.start finish=pagination.end total=listtype.total_products}}\n    {{else}}\n      {{lang 'common.displaying_X_results' total=listtype.total_products}}\n    {{/if}}\n  </span>\n{{else}}{{! TODO: Remove this if data is consistent with products }}\n  <span class=\"product-list-results\">\n    {{lang 'common.X_results' total=pagination.total}}\n  </span>\n{{/if}}\n","components/product-lists/list-utils":"{{!--\n  Product List Utilities - toolbar to refine product lists\n\n  @param listtype       The section this display applies to.\n  @param pagination     The pagination object for this section (for sort / results)\n--}}\n{{#if listtype.products}}\n  <div class=\"product-list-utils\">\n\n    <button class=\"filter-panel-toggle\">\n      {{> svg/filter}}\n      {{> svg/ex}}\n      {{lang 'faceted_search.refine'}}\n    </button>\n\n    <div class=\"product-list-refine\">\n      {{#each listtype.facets}}\n        {{#if selected}}\n          <a class=\"active-filter\" href=\"{{remove_url}}\" data-faceted-search-facet data-facet-remove>\n            {{title}} {{> svg/ex}}\n          </a>\n        {{/if}}\n      {{/each}}\n    </div>\n\n    {{> components/product-lists/list-results-counter\n      listtype=listtype\n      pagination=pagination}}\n\n    {{> components/product-lists/sort sort=pagination.sort}}\n\n    {{! Sidebar first (top of mobile) }}\n    {{> components/product-lists/sidebar listtype=listtype}}\n  </div>\n{{/if}}\n","components/product-lists/shop-by-brand":"{{!--\n  Shop by Brand Sidebar block\n  Shows a list of brands to select from\n\n  @param this   shop_by_brand\n    The \"shop_by_price\" object from categories / search / etc\n--}}\n\n{{#if this.length}}\n  <nav class=\"sidebar-block\">\n    <h2 class=\"sidebar-title\">{{lang 'unfaceted_search.shop_by_brand'}}</h2>\n    <ul class=\"shop-by-brand-list\">\n      {{#each this}}\n        <li class=\"shop-by-brand-item\">\n          <a class=\"shop-by-brand-action {{#if selected}}active{{/if}}\" href=\"{{url}}\"\n            title=\"{{name}}\">{{name}}\n          </a>\n        </li>\n      {{/each}}\n    </ul>\n  </nav>\n{{/if}}\n","components/product-lists/shop-by-price":"{{!--\n  Shop by Price Sidebar block\n  Shows a list of price ranges to narrow results\n\n  @param this   listtype.shop_by_price\n    The \"shop_by_price\" object from categories / search / etc\n--}}\n\n{{#if this.length}}\n  <nav class=\"sidebar-block\">\n    <h2 class=\"sidebar-title\">{{lang 'unfaceted_search.shop_by_price'}}</h2>\n    <ul class=\"shop-by-price-list\">\n      {{#each this}}\n        <li class=\"shop-by-price-item\">\n          <a class=\"shop-by-price-action {{#if selected}}active{{/if}}\" href=\"{{url}}\"\n            title=\"{{low.formatted}} - {{high.formatted}}\">{{low.formatted}} - {{high.formatted}}\n          </a>\n        </li>\n      {{/each}}\n    </ul>\n  </nav>\n{{/if}}\n","components/product-lists/sidebar":"{{!--\n  Product List - Sidebar\n  Displays a series of blocks with search facet options.\n\n  @param TODO: fill this in - needs to be passed the data from the page I think\n\n  @param listtype   The category object for list, search, brand, etc\n--}}\n\n<aside class=\"product-list-sidebar\">\n\n  {{!> components/product-lists/product-count ... }}\n  {{! Not Possible Yet: \"Showing 1 - 9 of 75\" TODO when possible.}}\n\n  {{#if listtype.faceted_search_enabled}}\n    <div class=\"faceted-search-blocks\" data-faceted-search>\n      {{#each listtype.facets}}\n        {{> components/faceted-search/facet-block}}\n      {{/each}}\n    </div>\n  {{else}}\n    <div class=\"faceted-search-blocks\">\n      {{> components/product-lists/subcategories listtype}}\n      {{#if theme_settings.show_shop_by_price}}\n        {{> components/product-lists/shop-by-price listtype.shop_by_price}}\n      {{/if}}\n      {{#if theme_settings.show_shop_by_brand}}\n        {{> components/product-lists/shop-by-brand shop_by_brand}}\n      {{/if}}\n    </div>\n  {{/if}}\n\n</aside>\n","components/product-lists/sort":"<form class=\"product-list-sort form\" method=\"get\" data-sort-by>\n  <fieldset class=\"form-fieldset\">\n    <div class=\"form-field\">\n      <label class=\"form-label-text\" for=\"sort\">{{lang 'common.sorter.sort_by'}}</label>\n      <div class=\"form-select-wrapper\">\n        <select class=\"form-select\" name=\"sort\" id=\"sort\">\n          <option value=\"featured\" {{#compare sort 'featured' operator='==='}}selected{{/compare}}>{{lang 'common.sorter.featured'}}</option>\n          <option value=\"newest\" {{#compare sort 'newest' operator='==='}}selected{{/compare}}>{{lang 'common.sorter.newest'}}</option>\n          <option value=\"bestselling\" {{#compare sort 'bestselling' operator='==='}}selected{{/compare}}>{{lang 'common.sorter.top_sellers'}}</option>\n          <option value=\"alphaasc\" {{#compare sort 'alphaasc' operator='==='}}selected{{/compare}}>{{lang 'common.sorter.alpha_asc'}}</option>\n          <option value=\"alphadesc\" {{#compare sort 'alphadesc' operator='==='}}selected{{/compare}}>{{lang 'common.sorter.alpha_desc'}}</option>\n          <option value=\"avgcustomerreview\" {{#compare sort 'avgcustomerreview' operator='==='}}selected{{/compare}}>{{lang 'common.sorter.reviews'}}</option>\n          <option value=\"priceasc\" {{#compare sort 'priceasc' operator='==='}}selected{{/compare}}>{{lang 'common.sorter.price_asc'}}</option>\n          <option value=\"pricedesc\" {{#compare sort 'pricedesc' operator='==='}}selected{{/compare}}>{{lang 'common.sorter.price_desc'}}</option>\n        </select>\n      </div>\n    </div>\n  </fieldset>\n</form>\n","components/product-lists/subcategories":"{{!--\n  Subcategories Block - Shows the product subcategories in the sidebar.\n--}}\n\n{{#if subcategories}}\n  <div class=\"sidebar-block subcategories-block\">\n    <h3 class=\"facet-block-title\">{{lang 'category.title'}}</h3>\n    <ul class=\"sidebar-categories\">\n      {{#each subcategories}}\n        <li class=\"subcategory\">\n          <a href=\"{{url}}\">{{{name}}}</a>\n        </li>\n      {{/each}}\n    </ul>\n  </div>\n{{/if}}\n","components/product/price":"{{!\n  Product Price - Sale vs Normal, With Tax vs Without\n\n  @param this price object\n\n  @param show_savings bool (optional)\n         If true, show a label saying how much is saved from the full price.\n\n  @param schema_org bool (optional)\n         If false, will keep the schema.org meta data out of this price.\n}}\n{{#if price}}\n\n  <span class=\"price {{> components/common/price-class}}\"\n    itemprop=\"offers\"\n    itemscope\n    itemtype=\"http://schema.org/Offer\">\n\n    {{#if schema_org}}\n      <meta itemprop=\"priceCurrency\" content=\"{{currency_selector.active_currency_code}}\">\n      {{#if price.without_tax}}\n        <meta itemprop=\"price\" content=\"{{price.without_tax.value}}\">\n      {{else}}\n        <meta itemprop=\"price\" content=\"{{price.with_tax.value}}\">\n      {{/if}}\n    {{/if}}\n\n    {{#if price.with_tax}}\n      <span class=\"price-withtax\" data-price=\"with-tax\">\n        <span class=\"price-value\" data-price-value=\"with-tax\">\n          {{price.with_tax.formatted}}\n        </span>\n        {{#if price.rrp_with_tax}}\n          <span class=\"price-rrp\" data-price-rrp=\"with-tax\">{{price.rrp_with_tax.formatted}}</span>\n        {{/if}}\n        {{#if price.without_tax}}\n          <span class=\"price-tax-label\">{{lang 'product.including_tax' tax_label=price.tax_label}}</span>\n        {{/if}}\n      </span>\n    {{/if}}\n\n    {{#if price.without_tax}}\n      <span class=\"price-withouttax\" data-price=\"without-tax\">\n        <span class=\"price-value\" data-price-value=\"without-tax\">\n          {{price.without_tax.formatted}}\n        </span>\n        {{#if price.rrp_without_tax}}\n          <span class=\"price-rrp\" data-price-rrp=\"without-tax\">{{price.rrp_without_tax.formatted}}</span>\n        {{/if}}\n        {{#if price.with_tax}}\n          <span class=\"price-tax-label\">{{lang 'product.excluding_tax' tax_label=price.tax_label}}</span>\n        {{/if}}\n      </span>\n    {{/if}}\n\n    {{#if show_savings}}\n      {{#if price.saved}}\n        <span class=\"price-saved\" data-price-saved>\n          ({{lang 'product.you_save'}} {{price.saved.formatted}})\n        </span>\n      {{/if}}\n    {{/if}}\n\n  </span>\n{{/if}}\n","components/product/product-grid-item":"{{!--\r\n  Product Grid Item - As displayed within a grid listing of products.\r\n\r\n  @param product object\r\n    The product object to display, handed over from the loop\r\n\r\n  @param compare bool\r\n    Whether to show \"compare\" checkboxes.\r\n\r\n  @param quickshop theme-setting\r\n    Theme setting to enable / disable quickshop\r\n\r\n  @param image-ratio theme-setting\r\n    The image ratio for this grid to display at.\r\n--}}\r\n\r\n<article\r\n  class=\"product-item{{#if compare}} product-item-compare{{/if}}{{#if quickshop}} product-item-quickshop{{/if}}\">\r\n\r\n  {{#if out_of_stock_message}}\r\n    <span class=\"product-badge badge-sold-out\">{{lang 'product.sold_out'}}</span>\r\n  {{else if price.saved}}\r\n    <span class=\"product-badge badge-sale\">{{lang 'product.sale'}}</span>\r\n  {{/if}}\r\n\r\n  <div class=\"product-item-image\">\r\n \r\n     <div style=\"display:none;\">\r\n    {{> components/common/image\r\n      img=image\r\n      size=\"productlist\"\r\n      ratio=image-ratio\r\n      default=default-image\r\n      image-ratio=image-ratio\r\n    }}</div>\r\n    <a href=\"{{url}}\" class=\"new-ratio\" style=\"background-image: url({{#replace '{:size}' images.1.data}}500x659{{/replace}}{{getImage images.1.data 'productgallery_size' (cdn theme_settings.default_image_product)}});\">\r\n     <img src=\"{{#replace '{:size}' images.1.data}}500x659{{/replace}}{{getImage images.1.data 'productgallery_size' (cdn theme_settings.default_image_product)}}\" alt=\"\" >\r\n     </a>\r\n\r\n    <div class=\"product-item-overlay\">\r\n      {{#if compare}}\r\n        <label class=\"compare-checkbox-label\" for=\"compare-{{id}}\">\r\n          <input\r\n            class=\"compare-checkbox\"\r\n            id=\"compare-{{id}}\"\r\n            type=\"checkbox\"\r\n            data-compare-checkbox\r\n            data-compare-id=\"{{id}}\"\r\n            data-compare-title=\"{{name}}\"\r\n            data-compare-url=\"{{url}}\"\r\n            data-compare-price=\"{{price}}\"\r\n            data-compare-thumbnail=\"{{getImage image 'thumb' (cdn default-image)}}\">\r\n          <span class=\"compare-label-text\">\r\n            {{lang 'core.product.compare'}}\r\n          </span>\r\n        </label>\r\n      {{/if}}\r\n    </div>\r\n  </div>\r\n\r\n  <div class=\"product-item-details\">\r\n    <h3 class=\"item-title\"><a href=\"{{url}}\">{{{name}}}</a></h3>\r\n    {{> components/product/price price=price}}\r\n  </div>\r\n\r\n  {{#if quickshop}}\r\n    <a class=\"button-quickshop\" href=\"{{url}}\" data-quick-shop=\"{{id}}\">\r\n      {{> svg/quickview}}{{lang 'common.quickview'}}\r\n    </a>\r\n  {{/if}}\r\n\r\n</article>\r\n","components/reviews/ratings":"{{!--\n  Display Rating as Series of Stars\n\n  @param rating\n    The Rating value to display.\n--}}\n\n<span class=\"rating-stars\" aria-hidden=\"true\">\n  {{#for 1 5}}\n    {{#if ../rating '>=' $index}}\n      <svg class=\"star star-full\">\n        <use xlink:href=\"#icon-star-full\">\n      </svg>\n    {{else}}\n      <svg class=\"star star-empty\">\n        <use xlink:href=\"#icon-star\">\n      </svg>\n    {{/if}}\n  {{/for}}\n</span>\n","components/search-box":"\n<form class=\"form search {{#if mini}}mini-search{{/if}}\" action=\"{{urls.search}}\">\n  <fieldset class=\"form-fieldset\">\n\n    <label class=\"form-label visually-hidden\" for=\"search_query_adv\">\n      {{lang 'search.title'}}\n    </label>\n\n    {{#if navbar}}<input type=\"checkbox\" id=\"mini-search-toggle\">{{/if}}\n\n    <div class=\"search-wrapper\">\n      {{#if mini}}{{> svg/search}}{{/if}}\n      <input\n        class=\"form-input\"\n        id=\"search_query_adv\"\n        name=\"search_query_adv\"\n        value=\"{{forms.search.query}}\"\n        placeholder=\"{{lang 'search.placeholder'}}\"\n        required>\n      <button class=\"button\" type=\"submit\">{{#unless mini}}{{lang 'search.title'}}{{/unless}}</button>\n      {{#if navbar}}<label for=\"mini-search-toggle\" class=\"mini-search-toggle-label\">{{> svg/ex}}</label>{{/if}}\n    </div>\n\n  </fieldset>\n</form>\n","components/search-brand-category-results":"{{!-- Additional Results: Brands and Categories matching search criteria  --}}\n\n{{#if category_results}}\n  <aside class=\"search-results-brands\">\n    <h3 class=\"search-result-title\">{{lang 'category.label'}} ({{category_results.length}})</h3>\n    <ul>\n      {{#each category_results}}\n        {{#each this}}\n          {{! REVIEW: If these results become consistent with brand results, remove extra wrapper each}}\n          <li><a href=\"{{url}}\">{{name}}</a></li>\n        {{/each}}\n      {{/each}}\n    </ul>\n  </aside>\n{{/if}}\n\n{{#if brand_results}}\n  <aside class=\"search-results-brands\">\n    <h3 class=\"search-result-title\">\">{{lang 'brand.label'}} ({{brand_results.length}})</h3>\n    <ul>\n      {{#each brand_results}}\n        <li><a href=\"{{url}}\">{{name}}</a></li>\n      {{/each}}\n    </ul>\n  </aside>\n{{/if}}\n","svg/ex":"<svg class=\"icon-x\" width=\"10\" height=\"10\" viewBox=\"0 0 10 10\" xmlns=\"http://www.w3.org/2000/svg\"><title>{{{lang 'common.modals.close'}}}</title><path fill=\"currentColor\" d=\"M3.94 5L.332 1.394C.04 1.1.04.626.333.334.626.04 1.1.04 1.393.333L5 3.938 8.606.332c.293-.292.768-.292 1.06 0 .293.293.293.768 0 1.06L6.062 5l3.607 3.606c.292.293.292.768 0 1.06-.293.293-.768.293-1.06 0L5 6.062 1.394 9.668c-.293.292-.768.292-1.06 0-.293-.293-.293-.768 0-1.06L3.938 5z\"/></svg>\n","svg/filter":"<svg class=\"icon-filter\" width=\"15\" height=\"14\" viewBox=\"0 0 15 14\" xmlns=\"http://www.w3.org/2000/svg\"><title>{{{lang 'common.filter'}}}</title><path fill=\"currentColor\" d=\"M8.51 11.625H.645c-.36 0-.645.29-.645.65 0 .36.29.65.645.65H8.51c.25.574.824.975 1.49.975s1.24-.4 1.49-.975h2.865c.36 0 .645-.29.645-.65 0-.36-.29-.65-.645-.65H11.49c-.25-.574-.824-.975-1.49-.975s-1.24.4-1.49.975zm1-10H.645c-.36 0-.645.29-.645.65 0 .36.29.65.645.65H9.51c.25.574.824.975 1.49.975s1.24-.4 1.49-.975h1.865c.36 0 .645-.29.645-.65 0-.36-.29-.65-.645-.65H12.49C12.24 1.05 11.666.65 11 .65s-1.24.4-1.49.975zm-6 5H.645c-.36 0-.645.29-.645.65 0 .36.29.65.645.65H3.51c.25.574.824.975 1.49.975s1.24-.4 1.49-.975h7.865c.36 0 .645-.29.645-.65 0-.36-.29-.65-.645-.65H6.49C6.24 6.05 5.666 5.65 5 5.65s-1.24.4-1.49.975zM5 7.9c-.345 0-.625-.28-.625-.625s.28-.625.625-.625.625.28.625.625S5.345 7.9 5 7.9zm6-5c-.345 0-.625-.28-.625-.625s.28-.625.625-.625.625.28.625.625-.28.625-.625.625zm-1 10c-.345 0-.625-.28-.625-.625s.28-.625.625-.625.625.28.625.625-.28.625-.625.625z\"/></svg>\n","svg/quickview":"<svg class=\"icon-zoom\" xmlns=\"http://www.w3.org/2000/svg\" preserveAspectRatio=\"xMidYMid\" width=\"16\" height=\"16\" viewBox=\"0 0 16 16\"><path d=\"M16.003 15.354c-.004.178-.08.343-.21.466-.126.118-.292.184-.467.184-.187 0-.36-.074-.49-.207l-4.765-4.933C9.01 11.7 7.666 12.2 6.204 12.2 2.78 12.2-.004 9.46-.004 6.097c0-3.364 2.785-6.1 6.207-6.1 3.422 0 6.207 2.736 6.207 6.1 0 1.448-.517 2.78-1.38 3.827l4.787 4.954c.125.128.19.296.186.474zm-4.948-9.256c0-2.63-2.177-4.77-4.852-4.77-2.675 0-4.852 2.14-4.852 4.77 0 2.63 2.178 4.77 4.853 4.77s4.852-2.14 4.852-4.77zm-2.364.666H6.88v1.78c0 .367-.303.665-.677.665-.373 0-.677-.3-.677-.666v-1.78h-1.81c-.375 0-.678-.3-.678-.666 0-.367.303-.666.677-.666h1.81v-1.78c0-.367.305-.666.678-.666.374 0 .677.3.677.666v1.78h1.81c.375 0 .678.3.678.666 0 .367-.303.666-.677.666z\" class=\"cls-1\"/></svg>\n","svg/search":"<svg xmlns=\"http://www.w3.org/2000/svg\" width=\"16\" height=\"19\" viewBox=\"0 0 16 19\" aria-label=\"{{lang 'search.title'}}\" role=\"icon\">\n  <title>{{{lang 'search.title'}}}</title>\n  <path fill-rule=\"evenodd\" d=\"M11.7 12.2l.3-.4s.2 0 .2-.2c2-2.3 2-6 0-8.4C11 1.8 9.4 1 7.6.7 5.8.5 4 1 2.6 2.2 1 3.2.3 5 0 6.8c0 1.8.4 3.6 1.5 5C2.7 13.2 4.3 14 6 14.3c1.2 0 2.3 0 3.3-.5l.8-.3 4 4.8.7.2h.4V18c.4 0 .6-.3.7-.4.3-.2.2-.6 0-.7l-4-5zM7.3 2.5C10 2.8 12 5.3 11.8 8c-.3 2.7-2.8 4.7-5.5 4.4C3.6 12.2 1.6 9.7 2 7c0-2.8 2.5-4.8 5.2-4.5z\"/>\n</svg>\n"}
