{"components/cart/cart-item":"{{!--\n  Cart Item: an individual product item shown on the shopping cart page.\n--}}\n\n<article class=\"cart-item\" data-cart-item data-item-id=\"{{id}}\">\n\n  {{! Image }}\n  <div class=\"cart-item-image\">\n    {{> components/common/image\n      img=image\n      image-ratio='ratio-any'\n      size=\"small\"\n      default=default-image\n      not-lazy=true\n    }}\n  </div>\n\n  {{! Product name and Options }}\n  <div class=\"cart-item-details\">\n    <h3 class=\"item-title cart-item-title\"><a href=\"{{url}}\">{{{name}}}</a></h3>\n    {{> components/cart/cart-item-options this}}\n    {{> components/cart/gift-wrap-item this}}\n  </div>\n\n  {{! Quantity }}\n  <div class=\"cart-item-quantity\">\n    {{> components/common/quantity this nolabel=true}}\n  </div>\n\n  {{! Price }}\n  <div class=\"price cart-item-price\">\n    {{#if total_discounted}}\n    <span class=\"cart-item-price-discounted\">{{total.formatted}}</span>\n      {{total_discounted.formatted}}\n    {{else}}\n      {{total.formatted}}\n    {{/if}}\n  </div>\n\n  {{! Remove Item }}\n  <div class=\"cart-item-remove-wrapper\">\n    <a class=\"cart-item-remove\" href=\"{{remove_url}}\" data-cart-item-remove>\n      {{> svg/ex}}\n    </a>\n  </div>\n\n</article>\n","components/cart/cart-item-options":"{{#if options}}\n  <div class=\"cart-item-options-info\">\n\n    {{#each configurable_fields}}\n      <div class=\"cart-item-option-item\">\n        <span class=\"cart-item-option-label\">{{name}}:</span>\n        <span class=\"cart-item-option-value\">\n          {{#if is_file}}\n            <a href=\"/viewfile.php?prodfield={{../id}}&cartitem={{../../id}}\">{{{value}}}</a>\n          {{else}}\n            {{{value}}}\n          {{/if}}\n        </span>\n      </div>\n    {{/each}}\n\n    {{#each options}}\n      <div class=\"cart-item-option-item\">\n        <span class=\"cart-item-option-label\">{{name}}:</span>\n        <span class=\"cart-item-option-value\">\n          {{#if is_file}}\n            <a href=\"/viewfile.php?prodfield={{../id}}&cartitem={{../../id}}\">{{{value}}}</a>\n          {{else}}\n            {{{value}}}\n          {{/if}}\n        </span>\n      </div>\n    {{/each}}\n\n  </div>\n{{/if}}\n","components/cart/gift-wrap-item":"{{!--\n  Gift Wrap Item - Shown as part of cart-items\n  with links to add / change / remove gift wrapping for that item\n--}}\n\n{{inject 'removeGiftWrap' (lang 'cart.gift_wrapping.remove_confirm')}}\n\n{{#if show_gift_wrapping}}\n  <div class=\"cart-item-giftwrapping\">\n\n    {{#if gift_wrapping}}\n        {{! Show type of giftwrap and message }}\n        <div class=\"cart-item-giftwrap-info\">\n          <span class=\"cart-item-giftwrap-type\">{{lang 'cart.gift_wrapping.gift_wrap' wrap=(limit gift_wrapping.name 30)}}</span>\n          {{#if gift_wrapping.message}}\n            <span class=\"cart-item-giftwrap-message\">{{lang 'cart.gift_wrapping.message' type=gift_wrapping.message}}</span>\n          {{/if}}\n        </div>\n\n        {{! Change / Remove }}\n        <span class=\"cart-item-giftwrap-control\">\n          <a class=\"primary-link\" href=\"#\" data-item-giftwrap=\"{{id}}\">{{lang 'cart.gift_wrapping.change'}}</a>\n          /\n          <a class=\"primary-link\" href=\"{{gift_wrapping.remove_url}}\" data-giftwrap-remove>{{lang 'cart.gift_wrapping.remove'}}</a>\n        </span>\n\n    {{else}}\n      {{! Add Giftwrapping }}\n      <a class=\"cart-item-giftwrap-control primary-link\" href=\"#\" data-item-giftwrap=\"{{id}}\">\n        {{lang 'cart.gift_wrapping.add'}}\n      </a>\n    {{/if}}\n\n  </div>\n{{/if}}\n","components/common/image":"{{!--\n  Helper to display any image with alt text. Pass in\n  @param img         The image object\n  @param size        The preset size to use.\n  @param url         Optional: Set the url this image should link to.\n  @param default     Default image to display\n  @param image-ratio   The image class to apply to the wrapping element.\n  @param not-lazy    Optional: do not lazy load (mainly used for ajax-loaded images)\n--}}\n\n{{#if not-lazy}}\n  {{#if url}}\n    <a class=\"replaced-image {{image-ratio}} {{#unless img}}no-image{{/unless}}\"\n      href=\"{{url}}\"\n      style=\"background-image: url({{getImage img size (cdn default)}});\"\n    >\n      <img\n        src=\"{{getImage img size (cdn default)}}\"\n        alt=\"{{image.alt}}\"\n      >\n    </a>\n  {{else}}\n    <div\n      class=\"replaced-image {{image-ratio}} {{#unless img}}no-image{{/unless}}\"\n      style=\"background-image: url({{getImage img size (cdn default)}});\"\n    >\n      <img\n        src=\"{{getImage img size (cdn default)}}\"\n        alt=\"{{image.alt}}\"\n      >\n    </div>\n  {{/if}}\n{{else}}\n  {{#if url}}\n    <a class=\"lazy-image replaced-image {{image-ratio}} {{#unless img}}no-image{{/unless}}\"\n      href=\"{{url}}\"\n      data-src=\"{{getImage img size (cdn default)}}\"\n    >\n      <img\n        class=\"lazy-image\"\n        data-src=\"{{getImage img size (cdn default)}}\"\n        alt=\"{{image.alt}}\"\n      >\n    </a>\n  {{else}}\n    <div\n      class=\"lazy-image replaced-image {{image-ratio}} {{#unless img}}no-image{{/unless}}\"\n      data-src=\"{{getImage img size (cdn default)}}\"\n    >\n      <img\n        class=\"lazy-image\"\n        data-src=\"{{getImage img size (cdn default)}}\"\n        alt=\"{{image.alt}}\"\n      >\n    </div>\n  {{/if}}\n{{/if}}\n","components/common/quantity":"{{!\n  Quantity Widget with Increment/Decrement controls.\n\n  @param product\n         cart.item or product object\n}}\n\n<div class=\"form-field form-field-quantity-control\" data-quantity-control=\"{{id}}\">\n  <label class=\"form-label\">\n    {{#unless nolabel}}\n      <span class=\"form-field-title\">Quantity</span>\n    {{/unless}}\n    <span class=\"form-field-control\">\n      <input\n        class=\"form-input qty-amount\"\n        type=\"number\"\n        name=\"qty{{#if product_id}}-{{id}}{{else}}[]{{/if}}\"\n        pattern=\"[0-9]*\"\n        value=\"{{#if quantity}}{{quantity}}{{else}}{{#if min_purchase_quantity}}{{min_purchase_quantity}}{{else}}1{{/if}}{{/if}}\"\n        min=\"{{#if min_purchase_quantity}}{{min_purchase_quantity}}{{else}}1{{/if}}\"\n        {{#if max_purchase_quantity}}max=\"{{max_purchase_quantity}}\"{{/if}}\n        data-quantity-control-input>\n      <span class=\"qty-decrement\"\n        data-quantity-control-action=\"decrement\">&ndash;</span>\n      <span class=\"qty-increment\"\n        data-quantity-control-action=\"increment\">&#43;</span></span>\n  </label>\n</div>\n","svg/ex":"<svg class=\"icon-x\" width=\"10\" height=\"10\" viewBox=\"0 0 10 10\" xmlns=\"http://www.w3.org/2000/svg\"><title>{{{lang 'common.modals.close'}}}</title><path fill=\"currentColor\" d=\"M3.94 5L.332 1.394C.04 1.1.04.626.333.334.626.04 1.1.04 1.393.333L5 3.938 8.606.332c.293-.292.768-.292 1.06 0 .293.293.293.768 0 1.06L6.062 5l3.607 3.606c.292.293.292.768 0 1.06-.293.293-.768.293-1.06 0L5 6.062 1.394 9.668c-.293.292-.768.292-1.06 0-.293-.293-.293-.768 0-1.06L3.938 5z\"/></svg>\n"}
