{"components/common/multi-level-nav-item":"<a href=\"{{url}}\" {{#if children}}data-toggle-multi=\"{{id}}\" data-multi-name=\"{{name}}\"{{/if}}>{{name}}</a>\r\n{{#if children}}\r\n  <ul class=\"nav-multi-panel nav-multi-panel-child is-right\" data-multi-menu=\"{{id}}\">\r\n    <li class=\"nav-multi-item-all\">\r\n      <a href=\"{{url}}\">{{lang 'header.all'}} {{name}}</a>\r\n    </li>\r\n    {{#each children}}\r\n      <li class=\"nav-multi-item {{#if children}}has-children{{/if}}\">\r\n        {{> components/common/multi-level-nav-item}}\r\n      </li>\r\n    {{/each}}\r\n  </ul>\r\n{{/if}}\r\n","components/common/nav-menu":"{{!--\r\n  Main Navigation Menu: Loops over a menu object and displays the list\r\n  @param menu   The menu object to loop over.\r\n--}}\r\n{{#each menu}}\r\n  <li class=\"nav-menu-item{{#if children}} menu-dropdown{{/if}}\" >\r\n    <span class=\"nav-menu-item-wrapper\">\r\n        <a href=\"{{url}}\">{{name}}</a></span>\r\n    {{#if children}}\r\n      <ul class=\"dropdown\">\r\n        {{#each children}}\r\n          <li>\r\n           <a href=\"{{url}}\"> {{name}}</a>\r\n            {{#if children}}\r\n              <ul>\r\n                {{#each children}}\r\n                  <li>\r\n                    <a href=\"{{url}}\">{{name}}</a>\r\n                  </li>\r\n                {{/each}}\r\n              </ul>\r\n            {{/if}}\r\n          </li>\r\n        {{/each}}\r\n      </ul>\r\n    {{/if}}\r\n  </li>\r\n{{/each}}\r\n","components/currency-selector":"{{#if currency_selector.currencies.length \">\" 1}}\n  <span class=\"currency-selector\" data-currency-selector>\n    <label data-currency-selector-toggle>{{currency_selector.active_currency_code}}\n      <select>\n        {{#each currency_selector.currencies}}\n          <option value=\"{{{switch_url}}}\" {{#if is_active}}selected{{/if}}>\n            {{name}}\n          </option>\n        {{/each}}\n      </select>\n    </label>\n  </span>\n{{/if}}\n","components/navigation":"{{!--\r\n  Display either the 'pages menu' or the 'categories menu'\r\n  depending on the theme setting.\r\n--}}\r\n\r\n\r\n<nav class=\"main-menu\">\r\n  {{#if theme_settings.menu_sidebar '==' 'multi'}}\r\n    <div class=\"nav-multi-breadcrumbs\">\r\n      <span class=\"nav-multi-breadcrumb reset-all\" data-toggle-multi=\"all\">{{lang 'header.menu'}}</span>\r\n    </div>\r\n    <div class=\"nav-multi-container\">\r\n      <ul class=\"nav-multi-panel nav-multi-panel-parent is-active\" data-panel-depth=\"0\" data-multi-menu=\"all\">\r\n        {{#each categories}}\r\n          <li class=\"nav-multi-item nav-multi-item-parent {{#if children}}has-children{{/if}}\" >\r\n            {{> components/common/multi-level-nav-item}}\r\n          </li>\r\n        {{/each}}\r\n      </ul>\r\n    </div>\r\n  {{else}}\r\n    <ul class=\"nav-menu\">\r\n      <!--{{#if theme_settings.menu_sidebar '==' 'brands'}}-->\r\n      <!--  {{> components/common/nav-menu menu=brands}}-->\r\n      <!--{{else if theme_settings.menu_sidebar '==' 'categories'}}-->\r\n      <!--  {{> components/common/nav-menu menu=categories}}-->\r\n      <!--{{else}}-->\r\n        {{> components/common/nav-menu menu=pages}}\r\n      <!--{{/if}}-->\r\n    </ul>\r\n  {{/if}}\r\n  <div class=\"menu-drawer-hover\">\r\n      \r\n  </div>\r\n</nav>\r\n\r\n","components/page/logo":"{{!-- Logo Image or Text displayed in Branding region. --}}\n\n<div class=\"store-logo\">\n  {{#if settings.store_logo.image}}\n    <a class=\"logo-image\" href=\"{{urls.home}}\" alt=\"{{settings.store_name}}\">\n      <img src=\"{{getImage settings.store_logo.image 'logo'}}\" alt=\"{{getImage settings.store_logo.image.alt}}\">\n    </a>\n  {{else}}\n    <h1 class=\"logo-text\"><a href=\"{{urls.home}}\">{{settings.store_logo.title}}</a></h1>\n  {{/if}}\n</div>\n","components/page/sidebar":"<div class=\"sidebar-nav\">\n  <div class=\"sidebar-nav-wrapper{{#if theme_settings.sidebar_all_caps}} sidebar-allcaps{{/if}} {{#if theme_settings.top_align_nav}}align-top{{/if}}\">\n\n  {{! Search Box }}\n  <aside class=\"drawer-item drawer-search\">\n    {{{snippet 'forms_search'}}}\n    {{> components/search-box mini=true}}\n  </aside>\n\n  {{! Navigation and Logo }}\n  <div class=\"drawer-item drawer-nav\">\n    {{> components/page/logo}}\n    {{> components/navigation}}\n  </div>\n\n  {{! Currency Selector }}\n  <aside class=\"drawer-item drawer-extras\">\n    {{> components/currency-selector}}\n  </aside>\n\n  {{! Account Link }}\n  <nav class=\"drawer-item drawer-extras\">\n    {{#unless customer.id}}\n      <a href=\"{{urls.auth.login}}\">{{{lang 'common.sitemap.login'}}}</a>\n    {{else}}\n      <a href=\"{{urls.account.index}}\">{{{lang 'common.sitemap.account'}}}</a>\n      <a href=\"{{urls.auth.logout}}\">{{{lang 'common.sitemap.logout'}}}</a>\n    {{/unless}}\n  </nav>\n\n  </div>\n</div>\n","components/search-box":"\n<form class=\"form search {{#if mini}}mini-search{{/if}}\" action=\"{{urls.search}}\">\n  <fieldset class=\"form-fieldset\">\n\n    <label class=\"form-label visually-hidden\" for=\"search_query_adv\">\n      {{lang 'search.title'}}\n    </label>\n\n    {{#if navbar}}<input type=\"checkbox\" id=\"mini-search-toggle\">{{/if}}\n\n    <div class=\"search-wrapper\">\n      {{#if mini}}{{> svg/search}}{{/if}}\n      <input\n        class=\"form-input\"\n        id=\"search_query_adv\"\n        name=\"search_query_adv\"\n        value=\"{{forms.search.query}}\"\n        placeholder=\"{{lang 'search.placeholder'}}\"\n        required>\n      <button class=\"button\" type=\"submit\">{{#unless mini}}{{lang 'search.title'}}{{/unless}}</button>\n      {{#if navbar}}<label for=\"mini-search-toggle\" class=\"mini-search-toggle-label\">{{> svg/ex}}</label>{{/if}}\n    </div>\n\n  </fieldset>\n</form>\n","svg/ex":"<svg class=\"icon-x\" width=\"10\" height=\"10\" viewBox=\"0 0 10 10\" xmlns=\"http://www.w3.org/2000/svg\"><title>{{{lang 'common.modals.close'}}}</title><path fill=\"currentColor\" d=\"M3.94 5L.332 1.394C.04 1.1.04.626.333.334.626.04 1.1.04 1.393.333L5 3.938 8.606.332c.293-.292.768-.292 1.06 0 .293.293.293.768 0 1.06L6.062 5l3.607 3.606c.292.293.292.768 0 1.06-.293.293-.768.293-1.06 0L5 6.062 1.394 9.668c-.293.292-.768.292-1.06 0-.293-.293-.293-.768 0-1.06L3.938 5z\"/></svg>\n","svg/search":"<svg xmlns=\"http://www.w3.org/2000/svg\" width=\"16\" height=\"19\" viewBox=\"0 0 16 19\" aria-label=\"{{lang 'search.title'}}\" role=\"icon\">\n  <title>{{{lang 'search.title'}}}</title>\n  <path fill-rule=\"evenodd\" d=\"M11.7 12.2l.3-.4s.2 0 .2-.2c2-2.3 2-6 0-8.4C11 1.8 9.4 1 7.6.7 5.8.5 4 1 2.6 2.2 1 3.2.3 5 0 6.8c0 1.8.4 3.6 1.5 5C2.7 13.2 4.3 14 6 14.3c1.2 0 2.3 0 3.3-.5l.8-.3 4 4.8.7.2h.4V18c.4 0 .6-.3.7-.4.3-.2.2-.6 0-.7l-4-5zM7.3 2.5C10 2.8 12 5.3 11.8 8c-.3 2.7-2.8 4.7-5.5 4.4C3.6 12.2 1.6 9.7 2 7c0-2.8 2.5-4.8 5.2-4.5z\"/>\n</svg>\n"}
