{"components/common/image":"{{!--\n  Helper to display any image with alt text. Pass in\n  @param img         The image object\n  @param size        The preset size to use.\n  @param url         Optional: Set the url this image should link to.\n  @param default     Default image to display\n  @param image-ratio   The image class to apply to the wrapping element.\n  @param not-lazy    Optional: do not lazy load (mainly used for ajax-loaded images)\n--}}\n\n{{#if not-lazy}}\n  {{#if url}}\n    <a class=\"replaced-image {{image-ratio}} {{#unless img}}no-image{{/unless}}\"\n      href=\"{{url}}\"\n      style=\"background-image: url({{getImage img size (cdn default)}});\"\n    >\n      <img\n        src=\"{{getImage img size (cdn default)}}\"\n        alt=\"{{image.alt}}\"\n      >\n    </a>\n  {{else}}\n    <div\n      class=\"replaced-image {{image-ratio}} {{#unless img}}no-image{{/unless}}\"\n      style=\"background-image: url({{getImage img size (cdn default)}});\"\n    >\n      <img\n        src=\"{{getImage img size (cdn default)}}\"\n        alt=\"{{image.alt}}\"\n      >\n    </div>\n  {{/if}}\n{{else}}\n  {{#if url}}\n    <a class=\"lazy-image replaced-image {{image-ratio}} {{#unless img}}no-image{{/unless}}\"\n      href=\"{{url}}\"\n      data-src=\"{{getImage img size (cdn default)}}\"\n    >\n      <img\n        class=\"lazy-image\"\n        data-src=\"{{getImage img size (cdn default)}}\"\n        alt=\"{{image.alt}}\"\n      >\n    </a>\n  {{else}}\n    <div\n      class=\"lazy-image replaced-image {{image-ratio}} {{#unless img}}no-image{{/unless}}\"\n      data-src=\"{{getImage img size (cdn default)}}\"\n    >\n      <img\n        class=\"lazy-image\"\n        data-src=\"{{getImage img size (cdn default)}}\"\n        alt=\"{{image.alt}}\"\n      >\n    </div>\n  {{/if}}\n{{/if}}\n","components/common/pagination":"{{!--\n  Pagination: Previous / Next buttons and a list of links to other pages.\n  @param this Object containing links, count, etc\n--}}\n<nav class=\"pagination\">\n  {{#if previous}}\n    <a class=\"pagination-item pagination-previous\" href=\"{{previous}}\" data-faceted-search-facet>\n      <span class=\"visually-hidden\">{{lang 'common.pagination.previous'}}</span>\n    </a>\n  {{/if}}\n\n  {{#each links}}\n    <a\n      class=\"pagination-item{{#if number \"==\" ../current}} pagination-current{{/if}}\"\n      href=\"{{url}}\"\n      data-faceted-search-facet>\n      {{number}}\n    </a>\n  {{/each}}\n\n  {{#if next}}\n    <a class=\"pagination-item pagination-next\" href=\"{{next}}\" data-faceted-search-facet>\n      <span class=\"visually-hidden\">{{lang 'common.pagination.next'}}</span>\n    </a>\n  {{/if}}\n</nav>\n","components/common/price-class":"{{#if price.with_tax}}\n  {{#unless price.without_tax}}\n    {{#if price.rrp_with_tax}}\n      prices-taxed-onsale\n    {{else}}\n      prices-taxed\n    {{/if}}\n  {{/unless}}\n{{/if}}\n{{#if price.without_tax}}\n  {{#unless price.with_tax}}\n    {{#if price.rrp_without_tax}}\n      prices-notax-onsale\n    {{else}}\n      prices-notax\n    {{/if}}\n  {{/unless}}\n{{/if}}\n{{#if price.with_tax}}\n  {{#if price.without_tax}}\n    {{#if price.rrp_with_tax}}\n      prices-both-onsale\n    {{else}}\n      prices-both\n    {{/if}}\n  {{/if}}\n{{/if}}\n","components/product-lists/display":"{{!--\n  Product List Display - A wrapper around different types of product lists\n  Displays a list of products (category / brand / search)\n\n  @param listtype       The section this display applies to.\n  @param pagination     The pagination object related to this view.\n  @param quickshop      Whether to show the quickshop button.\n\n--}}\n\n{{! Product Items -- displayed as grid / list}}\n<div class=\"product-list-content\">\n\n  {{!-- TODO: Add options to display list items instead of grid (or just remove this block)\n    {{#if theme_settings.product_list_display_mode '===' 'grid'}}\n      {{> components/product-lists/grid\n        products=listtype.products\n        compare=listtype.show_compare\n      }}\n    {{else}}\n      {{> components/product-lists/list\n        products=listtype.products\n        compare=listtype.show_compare\n      }}\n    {{/if}}\n  --}}\n\n  {{> components/product-lists/grid\n    products=listtype.products\n    quickshop=quickshop\n    compare=listtype.show_compare\n  }}\n\n  {{> components/common/pagination pagination}}\n</div>\n","components/product-lists/grid":"{{!--\n  Product List Grid - Displays products in a grid like fashion.\n\n  @param products\n    The list of product items to loop over / display.\n--}}\n\n{{#if products.length}}\n\n  <ul class=\"product-grid\">\n    {{#each products}}\n      <li class=\"product-grid-item\">\n        {{> components/product/product-grid-item\n          image-ratio=../theme_settings.image_ratio_grid\n          default-image=../theme_settings.default_image\n          compare=../compare\n          quickshop=../quickshop\n        }}\n      </li>\n    {{/each}}\n  </ul>\n\n{{else}}\n  <div class=\"contained contained-narrow\">\n    <p>{{lang 'search.results.no_results'}}</p>\n    {{> components/search-box}}\n  </div>\n{{/if}}\n","components/product-lists/list":"Product List (non-grid)\n{{! TODO: Maybe include this template? Or remove entirely.}}\n","components/product/price":"{{!\n  Product Price - Sale vs Normal, With Tax vs Without\n\n  @param this price object\n\n  @param show_savings bool (optional)\n         If true, show a label saying how much is saved from the full price.\n\n  @param schema_org bool (optional)\n         If false, will keep the schema.org meta data out of this price.\n}}\n{{#if price}}\n\n  <span class=\"price {{> components/common/price-class}}\"\n    itemprop=\"offers\"\n    itemscope\n    itemtype=\"http://schema.org/Offer\">\n\n    {{#if schema_org}}\n      <meta itemprop=\"priceCurrency\" content=\"{{currency_selector.active_currency_code}}\">\n      {{#if price.without_tax}}\n        <meta itemprop=\"price\" content=\"{{price.without_tax.value}}\">\n      {{else}}\n        <meta itemprop=\"price\" content=\"{{price.with_tax.value}}\">\n      {{/if}}\n    {{/if}}\n\n    {{#if price.with_tax}}\n      <span class=\"price-withtax\" data-price=\"with-tax\">\n        <span class=\"price-value\" data-price-value=\"with-tax\">\n          {{price.with_tax.formatted}}\n        </span>\n        {{#if price.rrp_with_tax}}\n          <span class=\"price-rrp\" data-price-rrp=\"with-tax\">{{price.rrp_with_tax.formatted}}</span>\n        {{/if}}\n        {{#if price.without_tax}}\n          <span class=\"price-tax-label\">{{lang 'product.including_tax' tax_label=price.tax_label}}</span>\n        {{/if}}\n      </span>\n    {{/if}}\n\n    {{#if price.without_tax}}\n      <span class=\"price-withouttax\" data-price=\"without-tax\">\n        <span class=\"price-value\" data-price-value=\"without-tax\">\n          {{price.without_tax.formatted}}\n        </span>\n        {{#if price.rrp_without_tax}}\n          <span class=\"price-rrp\" data-price-rrp=\"without-tax\">{{price.rrp_without_tax.formatted}}</span>\n        {{/if}}\n        {{#if price.with_tax}}\n          <span class=\"price-tax-label\">{{lang 'product.excluding_tax' tax_label=price.tax_label}}</span>\n        {{/if}}\n      </span>\n    {{/if}}\n\n    {{#if show_savings}}\n      {{#if price.saved}}\n        <span class=\"price-saved\" data-price-saved>\n          ({{lang 'product.you_save'}} {{price.saved.formatted}})\n        </span>\n      {{/if}}\n    {{/if}}\n\n  </span>\n{{/if}}\n","components/product/product-grid-item":"{{!--\r\n  Product Grid Item - As displayed within a grid listing of products.\r\n\r\n  @param product object\r\n    The product object to display, handed over from the loop\r\n\r\n  @param compare bool\r\n    Whether to show \"compare\" checkboxes.\r\n\r\n  @param quickshop theme-setting\r\n    Theme setting to enable / disable quickshop\r\n\r\n  @param image-ratio theme-setting\r\n    The image ratio for this grid to display at.\r\n--}}\r\n\r\n<article\r\n  class=\"product-item{{#if compare}} product-item-compare{{/if}}{{#if quickshop}} product-item-quickshop{{/if}}\">\r\n\r\n  {{#if out_of_stock_message}}\r\n    <span class=\"product-badge badge-sold-out\">{{lang 'product.sold_out'}}</span>\r\n  {{else if price.saved}}\r\n    <span class=\"product-badge badge-sale\">{{lang 'product.sale'}}</span>\r\n  {{/if}}\r\n\r\n  <div class=\"product-item-image\">\r\n \r\n     <div style=\"display:none;\">\r\n    {{> components/common/image\r\n      img=image\r\n      size=\"productlist\"\r\n      ratio=image-ratio\r\n      default=default-image\r\n      image-ratio=image-ratio\r\n    }}</div>\r\n    <a href=\"{{url}}\" class=\"new-ratio\" style=\"background-image: url({{#replace '{:size}' images.1.data}}500x659{{/replace}}{{getImage images.1.data 'productgallery_size' (cdn theme_settings.default_image_product)}});\">\r\n     <img src=\"{{#replace '{:size}' images.1.data}}500x659{{/replace}}{{getImage images.1.data 'productgallery_size' (cdn theme_settings.default_image_product)}}\" alt=\"\" >\r\n     </a>\r\n\r\n    <div class=\"product-item-overlay\">\r\n      {{#if compare}}\r\n        <label class=\"compare-checkbox-label\" for=\"compare-{{id}}\">\r\n          <input\r\n            class=\"compare-checkbox\"\r\n            id=\"compare-{{id}}\"\r\n            type=\"checkbox\"\r\n            data-compare-checkbox\r\n            data-compare-id=\"{{id}}\"\r\n            data-compare-title=\"{{name}}\"\r\n            data-compare-url=\"{{url}}\"\r\n            data-compare-price=\"{{price}}\"\r\n            data-compare-thumbnail=\"{{getImage image 'thumb' (cdn default-image)}}\">\r\n          <span class=\"compare-label-text\">\r\n            {{lang 'core.product.compare'}}\r\n          </span>\r\n        </label>\r\n      {{/if}}\r\n    </div>\r\n  </div>\r\n\r\n  <div class=\"product-item-details\">\r\n    <h3 class=\"item-title\"><a href=\"{{url}}\">{{{name}}}</a></h3>\r\n    {{> components/product/price price=price}}\r\n  </div>\r\n\r\n  {{#if quickshop}}\r\n    <a class=\"button-quickshop\" href=\"{{url}}\" data-quick-shop=\"{{id}}\">\r\n      {{> svg/quickview}}{{lang 'common.quickview'}}\r\n    </a>\r\n  {{/if}}\r\n\r\n</article>\r\n","components/search-box":"\n<form class=\"form search {{#if mini}}mini-search{{/if}}\" action=\"{{urls.search}}\">\n  <fieldset class=\"form-fieldset\">\n\n    <label class=\"form-label visually-hidden\" for=\"search_query_adv\">\n      {{lang 'search.title'}}\n    </label>\n\n    {{#if navbar}}<input type=\"checkbox\" id=\"mini-search-toggle\">{{/if}}\n\n    <div class=\"search-wrapper\">\n      {{#if mini}}{{> svg/search}}{{/if}}\n      <input\n        class=\"form-input\"\n        id=\"search_query_adv\"\n        name=\"search_query_adv\"\n        value=\"{{forms.search.query}}\"\n        placeholder=\"{{lang 'search.placeholder'}}\"\n        required>\n      <button class=\"button\" type=\"submit\">{{#unless mini}}{{lang 'search.title'}}{{/unless}}</button>\n      {{#if navbar}}<label for=\"mini-search-toggle\" class=\"mini-search-toggle-label\">{{> svg/ex}}</label>{{/if}}\n    </div>\n\n  </fieldset>\n</form>\n","svg/ex":"<svg class=\"icon-x\" width=\"10\" height=\"10\" viewBox=\"0 0 10 10\" xmlns=\"http://www.w3.org/2000/svg\"><title>{{{lang 'common.modals.close'}}}</title><path fill=\"currentColor\" d=\"M3.94 5L.332 1.394C.04 1.1.04.626.333.334.626.04 1.1.04 1.393.333L5 3.938 8.606.332c.293-.292.768-.292 1.06 0 .293.293.293.768 0 1.06L6.062 5l3.607 3.606c.292.293.292.768 0 1.06-.293.293-.768.293-1.06 0L5 6.062 1.394 9.668c-.293.292-.768.292-1.06 0-.293-.293-.293-.768 0-1.06L3.938 5z\"/></svg>\n","svg/quickview":"<svg class=\"icon-zoom\" xmlns=\"http://www.w3.org/2000/svg\" preserveAspectRatio=\"xMidYMid\" width=\"16\" height=\"16\" viewBox=\"0 0 16 16\"><path d=\"M16.003 15.354c-.004.178-.08.343-.21.466-.126.118-.292.184-.467.184-.187 0-.36-.074-.49-.207l-4.765-4.933C9.01 11.7 7.666 12.2 6.204 12.2 2.78 12.2-.004 9.46-.004 6.097c0-3.364 2.785-6.1 6.207-6.1 3.422 0 6.207 2.736 6.207 6.1 0 1.448-.517 2.78-1.38 3.827l4.787 4.954c.125.128.19.296.186.474zm-4.948-9.256c0-2.63-2.177-4.77-4.852-4.77-2.675 0-4.852 2.14-4.852 4.77 0 2.63 2.178 4.77 4.853 4.77s4.852-2.14 4.852-4.77zm-2.364.666H6.88v1.78c0 .367-.303.665-.677.665-.373 0-.677-.3-.677-.666v-1.78h-1.81c-.375 0-.678-.3-.678-.666 0-.367.303-.666.677-.666h1.81v-1.78c0-.367.305-.666.678-.666.374 0 .677.3.677.666v1.78h1.81c.375 0 .678.3.678.666 0 .367-.303.666-.677.666z\" class=\"cls-1\"/></svg>\n","svg/search":"<svg xmlns=\"http://www.w3.org/2000/svg\" width=\"16\" height=\"19\" viewBox=\"0 0 16 19\" aria-label=\"{{lang 'search.title'}}\" role=\"icon\">\n  <title>{{{lang 'search.title'}}}</title>\n  <path fill-rule=\"evenodd\" d=\"M11.7 12.2l.3-.4s.2 0 .2-.2c2-2.3 2-6 0-8.4C11 1.8 9.4 1 7.6.7 5.8.5 4 1 2.6 2.2 1 3.2.3 5 0 6.8c0 1.8.4 3.6 1.5 5C2.7 13.2 4.3 14 6 14.3c1.2 0 2.3 0 3.3-.5l.8-.3 4 4.8.7.2h.4V18c.4 0 .6-.3.7-.4.3-.2.2-.6 0-.7l-4-5zM7.3 2.5C10 2.8 12 5.3 11.8 8c-.3 2.7-2.8 4.7-5.5 4.4C3.6 12.2 1.6 9.7 2 7c0-2.8 2.5-4.8 5.2-4.5z\"/>\n</svg>\n"}
