{"core/alerts/alert-error":"<div class=\"alert alert-error\">\n  {{#if dismissable}}<a class=\"alert-dismiss\">&times;</a>{{/if}}\n\n  <div class=\"alert-message\">\n    {{#if message}}\n      {{{message}}}\n    {{else}}\n      {{{this}}}\n    {{/if}}\n  </div>\n</div>\n","core/forms/common/email":"\n<div class=\"form-field form-field-common form-field-email {{#if required}} form-required{{/if}}\" id=\"{{id}}\">\n  <label class=\"form-label\">\n    <span class=\"form-field-title\">\n      {{label}}\n      {{#if required}}<span class=\"required-text\">{{lang 'common.required'}}</span>{{/if}}\n    </span>\n    <span class=\"form-field-control\">\n      <input class=\"form-input\"\n        id=\"input-{{id}}\"\n        name=\"{{name}}\"\n        type=\"email\"\n        placeholder=\"{{prefill}}\"\n        {{#if value}}value=\"{{value}}\"{{/if}}\n        {{#if private_id}}data-field-type=\"{{private_id}}\"{{/if}}\n        {{#if required}}required{{/if}}\n        aria-required=\"{{required}}\">\n    </span>\n  </label>\n</div>\n","core/forms/common/multiline":"{{!\n  Textarea form component\n\n  @param validation_message string\n         Custom validation message\n}}\n<div class=\"form-field form-field-common form-field-multiline {{#if required}}form-required{{/if}}\" id=\"{{id}}\">\n  <label class=\"form-label\">\n    <span class=\"form-field-title\">\n      {{label}}\n      {{#if required}}<span class=\"required-text\">{{lang 'common.required'}}</span>{{/if}}\n    </span>\n    <span class=\"form-field-control\">\n      <textarea\n        class=\"form-input\"\n        id=\"textarea-{{id}}\"\n        name=\"{{name}}\"\n        placeholder=\"{{prefill}}\"\n        rows=\"{{rows}}\"\n        {{#if required}}\n          required\n          {{#if validation_message}}\n            data-vd-message-required=\"{{validation_message}}\"\n          {{/if}}\n        {{/if}}\n        aria-required=\"{{required}}\">{{value}}</textarea>\n    </span>\n  </label>\n</div>\n","core/forms/common/radio":"\n{{#if radios}}\n  <div class=\"form-field form-field-common form-field-radio {{#if required}} form-required{{/if}}\" id=\"{{id}}\">\n    <div class=\"form-field-title\">\n      {{label}}\n      {{#if required}}<span class=\"required-text\">{{lang 'common.required'}}</span>{{/if}}\n    </div>\n    <div class=\"form-field-control\">\n      {{#each radios}}\n        <label class=\"form-label\">\n          <input class=\"form-input form-radio\"\n            id=\"radio-{{../name}}-{{#if id}}{{id}}{{else}}{{display}}{{/if}}\"\n            name=\"{{../name}}\"\n            type=\"radio\"\n            value=\"{{value}}\"\n            {{#if checked}}checked{{/if}}\n            {{#if private_id}}data-field-type=\"{{private_id}}\"{{/if}}\n            {{#if ../required}}required{{/if}}\n            aria-required=\"{{../required}}\">\n          <span class=\"form-label-text\">\n            {{#if label}}\n              {{label}}\n            {{else}}\n              {{display}}\n            {{/if}}\n          </span>\n        </label>\n      {{/each}}\n    </div>\n  </div>\n{{/if}}\n","core/forms/common/text":"\n<div class=\"form-field form-field-common form-field-text {{#if required}} form-required{{/if}}\" id=\"{{id}}\">\n  <label class=\"form-label\">\n    <span class=\"form-field-title\">\n      {{label}}\n      {{#if required}}<span class=\"required-text\">{{lang 'common.required'}}</span>{{/if}}\n    </span>\n    <span class=\"form-field-control\">\n      <input class=\"form-input\"\n        id=\"input-{{id}}\"\n        name=\"{{name}}\"\n        type=\"text\"\n        placeholder=\"{{prefill}}\"\n        {{#if value}}value=\"{{value}}\"{{/if}}\n        {{#if private_id}}data-field-type=\"{{private_id}}\"{{/if}}\n        {{#if required}}required{{/if}}\n        aria-required=\"{{required}}\">\n    </span>\n  </label>\n</div>\n","core/gift-certificate/purchase":"<div class=\"giftcard-body\">\n  <div class=\"giftcard-heading-container\">\n    <h1 class=\"giftcard-heading\">{{lang 'core.giftcard.purchase.heading'}}</h1>\n    <p class=\"giftcard-subheading\">{{lang 'core.giftcard.purchase.subheading'}}</p>\n  </div>\n\n  {{#each forms.gift_certificate.errors}}\n    {{> core/alerts/alert-error}}\n  {{/each}}\n\n  <form\n    class=\"form giftcard-form\"\n    method=\"post\"\n    action=\"{{forms.gift_certificate.action}}\"\n    data-giftcard-purchase-form\n    data-validated-form>\n\n    {{#if forms.gift_certificate.cart_item_id}}\n      <input type=\"hidden\" name=\"cartitemid\" value=\"{{forms.gift_certificate.cart_item_id}}\">\n    {{/if}}\n\n    <div class=\"account-form-column-container\">\n      {{> core/forms/common/text\n          required=true\n          label=(lang 'core.giftcard.purchase.from_name')\n          name=\"from_name\" id=\"from_name\"\n          value=forms.gift_certificate.values.from_name\n      }}\n\n      {{> core/forms/common/email\n          required=true\n          label=(lang 'core.giftcard.purchase.from_email')\n          name=\"from_email\"\n          id=\"from_email\"\n          value=forms.gift_certificate.values.from_email\n      }}\n    </div>\n\n    <div class=\"account-form-column-container\">\n      {{> core/forms/common/text\n          required=true label=(lang 'core.giftcard.purchase.to_name')\n          name=\"to_name\" id=\"to_name\"\n          value=forms.gift_certificate.values.to_name\n      }}\n\n      {{> core/forms/common/email\n          required=true label=(lang 'core.giftcard.purchase.to_email')\n          name=\"to_email\"\n          id=\"to_email\"\n          value=forms.gift_certificate.values.to_email\n      }}\n\n    </div>\n\n    {{#if forms.gift_certificate.can_use_custom_amount}}\n      <div class=\"form-field required\">\n        <label class=\"form-label\" for=\"giftcard-amount\">\n          <span class=\"form-field-title\">\n            {{lang 'core.giftcard.purchase.amount'}}\n            <span class=\"required-text\">{{lang 'common.required'}}</span>\n          </span>\n          <input type=\"number\"\n            class=\"form-input\"\n            id=\"giftcard-amount\"\n            name=\"certificate_amount\"\n            min=\"{{forms.gift_certificate.minimum.value}}\"\n            max=\"{{forms.gift_certificate.maximum.value}}\"\n            value=\"{{forms.gift_certificate.values.amount.value}}\"\n            data-min-formatted=\"{{forms.gift_certificate.minimum.formatted}}\"\n            data-max-formatted=\"{{forms.gift_certificate.maximum.formatted}}\"\n            step=\"any\"\n            required>\n        </label>\n        <small class=\"giftcard-form-help-message\">{{lang 'core.giftcard.purchase.custom_range' min=forms.gift_certificate.minimum.formatted max=forms.gift_certificate.maximum.formatted}}</small>\n      </div>\n    {{else}}\n      <div class=\"form-field required\">\n        <label class=\"form-label\" for=\"giftcard-selected-amount\">\n          <span class=\"form-field-title\">\n            {{lang 'core.giftcard.purchase.amount'}}\n            <span class=\"required-text\">{{lang 'common.required'}}</span>\n          </span>\n        </label>\n        <select class=\"form-input form-select\" id=\"giftcard-selected-amount\" name=\"selected_amount\" required>\n          {{#each forms.gift_certificate.amount_options}}\n            <option value=\"{{value}}\">{{formatted}}</option>\n          {{/each}}\n        </select>\n      </div>\n    {{/if}}\n\n    {{> core/forms/common/multiline\n        label=(lang 'core.giftcard.purchase.message')\n        name=\"message\"\n        rows=4 id=\"giftcard-message\"\n        value=forms.gift_certificate.values.message\n    }}\n\n    <div class=\"form-field giftcard-form-theme\" data-giftcard-theme data-giftcard-preview-url=\"{{forms.gift_certificate.preview}}\">\n      {{#if forms.gift_certificate.themes.length '>' 1}}\n        {{> core/forms/common/radio\n            required=true label=(lang 'core.giftcard.purchase.theme')\n            radios=forms.gift_certificate.themes\n            name='certificate_theme'\n        }}\n      {{else}}\n        <input type=\"radio\" class=\"giftcard-single-theme form-input\" name=\"certificate_theme\" value=\"{{forms.gift_certificate.themes.0.value}}\" checked>\n      {{/if}}\n      <div class=\"giftcard-form-preview\"></div>\n    </div>\n\n    {{#if forms.gift_certificate.expires_in_days}}\n      <div class=\"form-field form-field-checkbox form-inline form-required\">\n        <label class=\"form-label\" for=\"giftcard-agree-to-expiry\">\n          <input\n            class=\"form-checkbox form-input\"\n            id=\"giftcard-agree-to-expiry\"\n            name=\"agree\"\n            type=\"checkbox\"\n            aria-required=\"true\"\n            required\n            data-no-refresh>\n          <span class=\"form-label-text\">\n            {{lang 'core.giftcard.purchase.agree' days=forms.gift_certificate.expires_in_days}}\n            <span class=\"required-text\">{{lang 'common.required'}}</span>\n          </span>\n        </label>\n      </div>\n    {{/if}}\n\n    <div class=\"form-field form-field-checkbox form-inline form-required\">\n      <label class=\"form-label\" for=\"giftcard-agree-to-terms\">\n        <input\n          class=\"form-checkbox form-input\"\n          id=\"giftcard-agree-to-terms\"\n          name=\"agree2\"\n          type=\"checkbox\"\n          aria-required=\"true\"\n          required\n          data-no-refresh>\n        <span class=\"form-label-text\">\n          {{lang 'core.giftcard.purchase.agree2'}}\n          <span class=\"required-text\">{{lang 'common.required'}}</span>\n        </span>\n      </label>\n    </div>\n\n    <div class=\"form-actions giftcard-form-actions\">\n      {{inject 'previewError' (lang 'core.giftcard.purchase.preview_error')}}\n\n      <input\n        class=\"button button-primary\"\n        type=\"submit\"\n        {{#if forms.gift_certificate.editing}}\n          value=\"{{lang 'core.giftcard.purchase.update_value'}}\"\n        {{else}}\n          value=\"{{lang 'core.giftcard.purchase.submit_value'}}\"\n        {{/if}}\n        data-giftcard-submit>\n    </div>\n  </form>\n</div>\n"}
