{"components/banner":"{{#if this}}\n  <div class=\"contained\">\n    <div class=\"banner banner-marketing\">\n      {{{limit this 1}}}\n    </div>\n  </div>\n{{/if}}\n","components/cart/mini-cart":"{{!--\n  Minicart - Displayed in the page header showing a preview of products in cart\n  with links to checkout / view cart. Functionality to remove / change qty.\n\n  Wrapper template around the cart count and the mini-cart\n--}}\n\n{{! Cart Toggle - link to cart page on smallest screens. }}\n<a href=\"{{urls.cart}}\" class=\"mini-cart-link\" data-mini-cart-link>\n\n  {{! \"Cart\" text }}\n  {{> svg/cart}}\n\n  {{! Count }}\n  <span data-mini-cart-count>\n    {{> components/cart/mini-cart-count}}\n  </span>\n\n</a>\n\n{{! Main Mini-Cart }}\n{{#if minicart}}\n  <aside class=\"mini-cart-preview\" data-mini-cart-content>\n    {{> components/cart/mini-cart-content}}\n  </aside>\n{{/if}}\n","components/cart/mini-cart-content":"{{! Main Mini-Cart }}\n<div class=\"mini-cart-content\">\n\n  {{#if cart.items.length}}\n\n    {{! Display the cart items }}\n    <ul>\n      {{#each cart.items}}\n        <li class=\"mini-cart-item\">\n\n          {{! Product Image }}\n          <div class=\"mini-cart-item-image mini-cart-item-col\">\n            {{#if type '===' 'GiftCertificate'}}\n              {{! Gift Card Graphic }}\n              <svg version=\"1.1\" id=\"Layer_1\" xmlns=\"http://www.w3.org/2000/svg\" xmlns:xlink=\"http://www.w3.org/1999/xlink\" x=\"0px\" y=\"0px\"\n              \t viewBox=\"0 0 100 81.9\" style=\"enable-background:new 0 0 100 81.9;\" xml:space=\"preserve\">\n                <path style=\"fill:currentColor\" d=\"M77.4,0.3L5.8,21.1c-4.3,1.2-6.7,5.7-5.5,10l12.3,42.3c1.2,4.3,5.7,6.7,10,5.5l71.6-20.8\n                \tc4.3-1.2,6.7-5.7,5.5-10L87.4,5.8C86.2,1.5,81.7-0.9,77.4,0.3z M84.1,6.8l2.6,8.8L48.1,26.8c-0.7-2.2-1.8-5.4-3.2-7.6\n                \tc0,0-7.6,1.7-11,5.6l-2.2-7.6L78.4,3.6C80.8,2.9,83.4,4.3,84.1,6.8z M6.8,24.5l17.4-5.1l2.4,8.1c-5.1-0.3-11.4,3.9-11.4,3.9\n                \tc0.4,1.5,1,3,1.6,4.5L6.2,39l-2.6-8.8C2.9,27.7,4.3,25.2,6.8,24.5z M15.9,72.5l-7.6-26l17.1-5c-0.8,2.5-2,5.5-3.6,9.1l5.2,9.4\n                \tc0,0,2.5-7.1,4.7-14.7l7.3,25.3l-17.4,5.1C19.2,76.3,16.6,74.9,15.9,72.5z M93.3,54.8L46.5,68.4l-8.3-28.5C45.9,46,55,52.5,55,52.5\n                \tL53,42c-3.4-2.3-6.2-4.3-8.4-6l44.3-12.9l7.6,26C97.1,51.5,95.7,54.1,93.3,54.8z\"/>\n                <ellipse style=\"fill:currentColor\" cx=\"53.6\" cy=\"79.3\" rx=\"41.3\" ry=\"2.6\"/>\n              </svg>\n            {{else}}\n              {{> components/common/image\n                img=image\n                size='thumb'\n                default=../../theme_settings.default_image alt=image.alt\n                not-lazy=true\n              }}\n            {{/if}}\n          </div>\n\n          {{! Product Qty, Name, Variant, and Price }}\n          <div class=\"mini-cart-item-name mini-cart-item-col\">\n            <span class=\"mini-cart-item-qty-label\">{{lang 'cart.qty' count=quantity}}</span>\n            <a class=\"mini-cart-item-title\" href=\"{{url}}\" alt=\"{{name}}\">{{name}}</a>\n            {{#if options.length}} &ndash; {{#each options}}{{value}} {{/each}}{{/if}}<br>\n\n\n            {{! Price}}\n            <div class=\"mini-cart-item-price mini-cart-item-col {{#if total_discounted}}cart-item-price-discounted{{/if}}\">{{{total.formatted}}}</div>\n            {{#if total_discounted}}\n              <div class=\"mini-cart-item-price mini-cart-item-col\">{{total_discounted.formatted}}</div>\n            {{/if}}\n          </div>\n\n          {{! Remove Link }}\n          <div class=\"mini-cart-item-col\">\n            <a class=\"cart-item-remove\" href=\"{{remove_url}}\" data-mini-cart-remove=\"{{id}}\">\n              {{> svg/ex}}\n            </a>\n          </div>\n\n        </li>\n      {{/each}}\n    </ul>\n\n    {{! Totals / Links to checkout }}\n    <div class=\"mini-cart-footer\">\n      <div class=\"mini-cart-footer-total\">\n        <div class=\"mini-cart-footer-total-label\">{{lang 'cart.grand_total'}}</div>\n        <div class=\"mini-cart-footer-total-value\">{{cart.grand_total.formatted}}</div>\n      </div>\n      <div class=\"mini-cart-footer-buttons\">\n        <span class=\"mini-cart-view-cart-link\"><a href=\"{{urls.cart}}\">{{lang 'cart.view_cart'}}</a></span>\n        <a href=\"{{urls.checkout.single_address}}\" class=\"button mini-cart-checkout-button\">{{lang 'cart.checkout'}}</a>\n      </div>\n    </div>\n  {{else}}\n    {{! Empty Text }}\n    <p class=\"cart-preview-empty\">{{lang \"cart.empty_cart\"}}</p>\n  {{/if}}\n\n</div>\n","components/cart/mini-cart-count":"{{! Cart Count / Toggle - link to cart page on smallest screens. }}\n\n{{#if cart.quantity '>' 0}}\n  <span class=\"cart-count\" data-cart-preview-count=\"{{cart.quantity}}\">\n    <span class=\"cart-count-circle\"></span>\n  </span>\n{{/if}}\n","components/common/image":"{{!--\n  Helper to display any image with alt text. Pass in\n  @param img         The image object\n  @param size        The preset size to use.\n  @param url         Optional: Set the url this image should link to.\n  @param default     Default image to display\n  @param image-ratio   The image class to apply to the wrapping element.\n  @param not-lazy    Optional: do not lazy load (mainly used for ajax-loaded images)\n--}}\n\n{{#if not-lazy}}\n  {{#if url}}\n    <a class=\"replaced-image {{image-ratio}} {{#unless img}}no-image{{/unless}}\"\n      href=\"{{url}}\"\n      style=\"background-image: url({{getImage img size (cdn default)}});\"\n    >\n      <img\n        src=\"{{getImage img size (cdn default)}}\"\n        alt=\"{{image.alt}}\"\n      >\n    </a>\n  {{else}}\n    <div\n      class=\"replaced-image {{image-ratio}} {{#unless img}}no-image{{/unless}}\"\n      style=\"background-image: url({{getImage img size (cdn default)}});\"\n    >\n      <img\n        src=\"{{getImage img size (cdn default)}}\"\n        alt=\"{{image.alt}}\"\n      >\n    </div>\n  {{/if}}\n{{else}}\n  {{#if url}}\n    <a class=\"lazy-image replaced-image {{image-ratio}} {{#unless img}}no-image{{/unless}}\"\n      href=\"{{url}}\"\n      data-src=\"{{getImage img size (cdn default)}}\"\n    >\n      <img\n        class=\"lazy-image\"\n        data-src=\"{{getImage img size (cdn default)}}\"\n        alt=\"{{image.alt}}\"\n      >\n    </a>\n  {{else}}\n    <div\n      class=\"lazy-image replaced-image {{image-ratio}} {{#unless img}}no-image{{/unless}}\"\n      data-src=\"{{getImage img size (cdn default)}}\"\n    >\n      <img\n        class=\"lazy-image\"\n        data-src=\"{{getImage img size (cdn default)}}\"\n        alt=\"{{image.alt}}\"\n      >\n    </div>\n  {{/if}}\n{{/if}}\n","components/common/multi-level-nav-item":"<a href=\"{{url}}\" {{#if children}}data-toggle-multi=\"{{id}}\" data-multi-name=\"{{name}}\"{{/if}}>{{name}}</a>\r\n{{#if children}}\r\n  <ul class=\"nav-multi-panel nav-multi-panel-child is-right\" data-multi-menu=\"{{id}}\">\r\n    <li class=\"nav-multi-item-all\">\r\n      <a href=\"{{url}}\">{{lang 'header.all'}} {{name}}</a>\r\n    </li>\r\n    {{#each children}}\r\n      <li class=\"nav-multi-item {{#if children}}has-children{{/if}}\">\r\n        {{> components/common/multi-level-nav-item}}\r\n      </li>\r\n    {{/each}}\r\n  </ul>\r\n{{/if}}\r\n","components/common/nav-menu":"{{!--\r\n  Main Navigation Menu: Loops over a menu object and displays the list\r\n  @param menu   The menu object to loop over.\r\n--}}\r\n{{#each menu}}\r\n  <li class=\"nav-menu-item{{#if children}} menu-dropdown{{/if}}\" >\r\n    <span class=\"nav-menu-item-wrapper\">\r\n        <a href=\"{{url}}\">{{name}}</a></span>\r\n    {{#if children}}\r\n      <ul class=\"dropdown\">\r\n        {{#each children}}\r\n          <li>\r\n           <a href=\"{{url}}\"> {{name}}</a>\r\n            {{#if children}}\r\n              <ul>\r\n                {{#each children}}\r\n                  <li>\r\n                    <a href=\"{{url}}\">{{name}}</a>\r\n                  </li>\r\n                {{/each}}\r\n              </ul>\r\n            {{/if}}\r\n          </li>\r\n        {{/each}}\r\n      </ul>\r\n    {{/if}}\r\n  </li>\r\n{{/each}}\r\n","components/currency-selector":"{{#if currency_selector.currencies.length \">\" 1}}\n  <span class=\"currency-selector\" data-currency-selector>\n    <label data-currency-selector-toggle>{{currency_selector.active_currency_code}}\n      <select>\n        {{#each currency_selector.currencies}}\n          <option value=\"{{{switch_url}}}\" {{#if is_active}}selected{{/if}}>\n            {{name}}\n          </option>\n        {{/each}}\n      </select>\n    </label>\n  </span>\n{{/if}}\n","components/navigation":"{{!--\r\n  Display either the 'pages menu' or the 'categories menu'\r\n  depending on the theme setting.\r\n--}}\r\n\r\n\r\n<nav class=\"main-menu\">\r\n  {{#if theme_settings.menu_sidebar '==' 'multi'}}\r\n    <div class=\"nav-multi-breadcrumbs\">\r\n      <span class=\"nav-multi-breadcrumb reset-all\" data-toggle-multi=\"all\">{{lang 'header.menu'}}</span>\r\n    </div>\r\n    <div class=\"nav-multi-container\">\r\n      <ul class=\"nav-multi-panel nav-multi-panel-parent is-active\" data-panel-depth=\"0\" data-multi-menu=\"all\">\r\n        {{#each categories}}\r\n          <li class=\"nav-multi-item nav-multi-item-parent {{#if children}}has-children{{/if}}\" >\r\n            {{> components/common/multi-level-nav-item}}\r\n          </li>\r\n        {{/each}}\r\n      </ul>\r\n    </div>\r\n  {{else}}\r\n    <ul class=\"nav-menu\">\r\n      <!--{{#if theme_settings.menu_sidebar '==' 'brands'}}-->\r\n      <!--  {{> components/common/nav-menu menu=brands}}-->\r\n      <!--{{else if theme_settings.menu_sidebar '==' 'categories'}}-->\r\n      <!--  {{> components/common/nav-menu menu=categories}}-->\r\n      <!--{{else}}-->\r\n        {{> components/common/nav-menu menu=pages}}\r\n      <!--{{/if}}-->\r\n    </ul>\r\n  {{/if}}\r\n  <div class=\"menu-drawer-hover\">\r\n      \r\n  </div>\r\n</nav>\r\n\r\n","components/page-header-home":"\n<header class=\"main-header wrapper\" style=\"z-index: 100; position: relative;\">\n\n  {{> components/product/free-shipping-message}}\n  {{> components/product/free-shipping-message shipping_messages=product.shipping_messages}}\n\n  {{> components/page/nav-bar compact=false}}\n\n  {{> components/banner banners.top}}\n\n</header>\n","components/page/logo":"{{!-- Logo Image or Text displayed in Branding region. --}}\n\n<div class=\"store-logo\">\n  {{#if settings.store_logo.image}}\n    <a class=\"logo-image\" href=\"{{urls.home}}\" alt=\"{{settings.store_name}}\">\n      <img src=\"{{getImage settings.store_logo.image 'logo'}}\" alt=\"{{getImage settings.store_logo.image.alt}}\">\n    </a>\n  {{else}}\n    <h1 class=\"logo-text\"><a href=\"{{urls.home}}\">{{settings.store_logo.title}}</a></h1>\n  {{/if}}\n</div>\n","components/page/nav-bar":"<div class=\"nav-bar\">\r\n  <div class=\"nav-bar-inner{{#if theme_settings.navbar_all_caps}} navbar-allcaps{{/if}}\">\r\n\r\n    <div class=\"header-components\">\r\n\r\n      {{#if compact}}\r\n        {{! Nav Drawer Toggle }}\r\n        <button class=\"main-nav-button\"\r\n          aria-label=\"{{lang 'common.menu'}}\"\r\n          role=\"button\"\r\n          tabindex=\"0\"\r\n          data-main-nav-toggle>\r\n          <span></span>\r\n          <span></span>\r\n          <span></span>\r\n        </button>\r\n      {{else}}\r\n        {{! Back to Content toggle }}\r\n        {{#block \"page-header\"}}{{/block}}\r\n      {{/if}}\r\n\r\n    </div>\r\n\r\n    {{#if compact}}\r\n      {{! Logo }}\r\n      {{> components/page/logo}}\r\n    {{/if}}\r\n    <div class=\"desktop-logo\">\r\n        {{> components/page/logo}}\r\n    </div>\r\n\r\n    <div class=\"header-components nav-right\">\r\n      {{#unless compact}}\r\n\r\n        {{! Currency Switcher }}\r\n        {{> components/currency-selector}}\r\n\r\n        {{! Account Links }}\r\n        <span class=\"nav-bar-account-link\">\r\n          {{#if customer }}\r\n            <a href=\"{{urls.account.index}}\"><span>Account</span></a> /\r\n            <a href=\"{{urls.auth.logout}}\">Log Out</a>\r\n          {{else}}\r\n            <a href=\"{{urls.auth.login}}\"><span>Account</span></a>\r\n          {{/if}}\r\n        </span>\r\n\r\n        {{! Cart }}\r\n        <span class=\"header-mini-cart\" data-mini-cart>\r\n          {{> components/cart/mini-cart minicart=true}}\r\n        </span>\r\n\r\n        {{! Search }}\r\n        {{> components/search-box mini=true navbar=true}}\r\n\r\n        <div class=\"quick-search\" data-quick-search>\r\n          <div class=\"spinner la-ball-clip-rotate\"><div></div></div>\r\n        </div>\r\n\r\n      {{else}}\r\n\r\n        {{! Mini Cart - requires a wrapper for ajax content to load into}}\r\n        <span class=\"header-mini-cart\" data-mini-cart>\r\n          {{> components/cart/mini-cart minicart=false}}\r\n        </span>\r\n\r\n      {{/unless}}\r\n    </div>\r\n    \r\n    <div class=\"desktop-nav\">\r\n        {{> components/navigation}}\r\n    </div>\r\n\r\n  </div>\r\n</div>\r\n","components/product/free-shipping-message":"{{#if shipping_messages}}\n  {{#each shipping_messages}}\n    <div class=\"banner banner-discounts\">{{{message}}}</div>\n  {{/each}}\n{{/if}}\n","components/search-box":"\n<form class=\"form search {{#if mini}}mini-search{{/if}}\" action=\"{{urls.search}}\">\n  <fieldset class=\"form-fieldset\">\n\n    <label class=\"form-label visually-hidden\" for=\"search_query_adv\">\n      {{lang 'search.title'}}\n    </label>\n\n    {{#if navbar}}<input type=\"checkbox\" id=\"mini-search-toggle\">{{/if}}\n\n    <div class=\"search-wrapper\">\n      {{#if mini}}{{> svg/search}}{{/if}}\n      <input\n        class=\"form-input\"\n        id=\"search_query_adv\"\n        name=\"search_query_adv\"\n        value=\"{{forms.search.query}}\"\n        placeholder=\"{{lang 'search.placeholder'}}\"\n        required>\n      <button class=\"button\" type=\"submit\">{{#unless mini}}{{lang 'search.title'}}{{/unless}}</button>\n      {{#if navbar}}<label for=\"mini-search-toggle\" class=\"mini-search-toggle-label\">{{> svg/ex}}</label>{{/if}}\n    </div>\n\n  </fieldset>\n</form>\n","svg/cart":"<svg xmlns=\"http://www.w3.org/2000/svg\" width=\"22\" height=\"18\" viewBox=\"0 0 22 18\" aria-label=\"{{lang 'common.sitemap.cart'}}\" role=\"icon\">\n  <title>{{{lang 'common.sitemap.cart'}}}</title>\n  <path fill=\"currentColor\" fill-rule=\"evenodd\" d=\"M7.7 15.23c-.76 0-1.38.6-1.38 1.37 0 .74.62 1.34 1.37 1.34.74 0 1.35-.6 1.35-1.34 0-.77-.6-1.37-1.38-1.37zm10.1 0c-.77 0-1.4.6-1.4 1.37 0 .74.63 1.34 1.4 1.34.74 0 1.36-.6 1.36-1.34 0-.77-.6-1.37-1.37-1.37zm3.7-12c-.16-.23-.4-.35-.88-.35H4.75L3.93.58C3.8.23 3.47 0 3.1 0H.88C.4 0 0 .4 0 .9c0 .48.4.88.87.88H2.5l4.16 11.45c.13.36.46.6.82.6l.1-.02 11.66-1.4c.37-.04.67-.32.75-.7L21.65 4c.05-.28 0-.55-.18-.76z\"/>\n</svg>\n","svg/ex":"<svg class=\"icon-x\" width=\"10\" height=\"10\" viewBox=\"0 0 10 10\" xmlns=\"http://www.w3.org/2000/svg\"><title>{{{lang 'common.modals.close'}}}</title><path fill=\"currentColor\" d=\"M3.94 5L.332 1.394C.04 1.1.04.626.333.334.626.04 1.1.04 1.393.333L5 3.938 8.606.332c.293-.292.768-.292 1.06 0 .293.293.293.768 0 1.06L6.062 5l3.607 3.606c.292.293.292.768 0 1.06-.293.293-.768.293-1.06 0L5 6.062 1.394 9.668c-.293.292-.768.292-1.06 0-.293-.293-.293-.768 0-1.06L3.938 5z\"/></svg>\n","svg/search":"<svg xmlns=\"http://www.w3.org/2000/svg\" width=\"16\" height=\"19\" viewBox=\"0 0 16 19\" aria-label=\"{{lang 'search.title'}}\" role=\"icon\">\n  <title>{{{lang 'search.title'}}}</title>\n  <path fill-rule=\"evenodd\" d=\"M11.7 12.2l.3-.4s.2 0 .2-.2c2-2.3 2-6 0-8.4C11 1.8 9.4 1 7.6.7 5.8.5 4 1 2.6 2.2 1 3.2.3 5 0 6.8c0 1.8.4 3.6 1.5 5C2.7 13.2 4.3 14 6 14.3c1.2 0 2.3 0 3.3-.5l.8-.3 4 4.8.7.2h.4V18c.4 0 .6-.3.7-.4.3-.2.2-.6 0-.7l-4-5zM7.3 2.5C10 2.8 12 5.3 11.8 8c-.3 2.7-2.8 4.7-5.5 4.4C3.6 12.2 1.6 9.7 2 7c0-2.8 2.5-4.8 5.2-4.5z\"/>\n</svg>\n"}
