{"components/banner":"{{#if this}}\n  <div class=\"contained\">\n    <div class=\"banner banner-marketing\">\n      {{{limit this 1}}}\n    </div>\n  </div>\n{{/if}}\n","components/cart/mini-cart":"{{!--\n  Minicart - Displayed in the page header showing a preview of products in cart\n  with links to checkout / view cart. Functionality to remove / change qty.\n\n  Wrapper template around the cart count and the mini-cart\n--}}\n\n{{! Cart Toggle - link to cart page on smallest screens. }}\n<a href=\"{{urls.cart}}\" class=\"mini-cart-link\" data-mini-cart-link>\n\n  {{! \"Cart\" text }}\n  {{> svg/cart}}\n\n  {{! Count }}\n  <span data-mini-cart-count>\n    {{> components/cart/mini-cart-count}}\n  </span>\n\n</a>\n\n{{! Main Mini-Cart }}\n{{#if minicart}}\n  <aside class=\"mini-cart-preview\" data-mini-cart-content>\n    {{> components/cart/mini-cart-content}}\n  </aside>\n{{/if}}\n","components/cart/mini-cart-content":"{{! Main Mini-Cart }}\n<div class=\"mini-cart-content\">\n\n  {{#if cart.items.length}}\n\n    {{! Display the cart items }}\n    <ul>\n      {{#each cart.items}}\n        <li class=\"mini-cart-item\">\n\n          {{! Product Image }}\n          <div class=\"mini-cart-item-image mini-cart-item-col\">\n            {{#if type '===' 'GiftCertificate'}}\n              {{! Gift Card Graphic }}\n              <svg version=\"1.1\" id=\"Layer_1\" xmlns=\"http://www.w3.org/2000/svg\" xmlns:xlink=\"http://www.w3.org/1999/xlink\" x=\"0px\" y=\"0px\"\n              \t viewBox=\"0 0 100 81.9\" style=\"enable-background:new 0 0 100 81.9;\" xml:space=\"preserve\">\n                <path style=\"fill:currentColor\" d=\"M77.4,0.3L5.8,21.1c-4.3,1.2-6.7,5.7-5.5,10l12.3,42.3c1.2,4.3,5.7,6.7,10,5.5l71.6-20.8\n                \tc4.3-1.2,6.7-5.7,5.5-10L87.4,5.8C86.2,1.5,81.7-0.9,77.4,0.3z M84.1,6.8l2.6,8.8L48.1,26.8c-0.7-2.2-1.8-5.4-3.2-7.6\n                \tc0,0-7.6,1.7-11,5.6l-2.2-7.6L78.4,3.6C80.8,2.9,83.4,4.3,84.1,6.8z M6.8,24.5l17.4-5.1l2.4,8.1c-5.1-0.3-11.4,3.9-11.4,3.9\n                \tc0.4,1.5,1,3,1.6,4.5L6.2,39l-2.6-8.8C2.9,27.7,4.3,25.2,6.8,24.5z M15.9,72.5l-7.6-26l17.1-5c-0.8,2.5-2,5.5-3.6,9.1l5.2,9.4\n                \tc0,0,2.5-7.1,4.7-14.7l7.3,25.3l-17.4,5.1C19.2,76.3,16.6,74.9,15.9,72.5z M93.3,54.8L46.5,68.4l-8.3-28.5C45.9,46,55,52.5,55,52.5\n                \tL53,42c-3.4-2.3-6.2-4.3-8.4-6l44.3-12.9l7.6,26C97.1,51.5,95.7,54.1,93.3,54.8z\"/>\n                <ellipse style=\"fill:currentColor\" cx=\"53.6\" cy=\"79.3\" rx=\"41.3\" ry=\"2.6\"/>\n              </svg>\n            {{else}}\n              {{> components/common/image\n                img=image\n                size='thumb'\n                default=../../theme_settings.default_image alt=image.alt\n                not-lazy=true\n              }}\n            {{/if}}\n          </div>\n\n          {{! Product Qty, Name, Variant, and Price }}\n          <div class=\"mini-cart-item-name mini-cart-item-col\">\n            <span class=\"mini-cart-item-qty-label\">{{lang 'cart.qty' count=quantity}}</span>\n            <a class=\"mini-cart-item-title\" href=\"{{url}}\" alt=\"{{name}}\">{{name}}</a>\n            {{#if options.length}} &ndash; {{#each options}}{{value}} {{/each}}{{/if}}<br>\n\n\n            {{! Price}}\n            <div class=\"mini-cart-item-price mini-cart-item-col {{#if total_discounted}}cart-item-price-discounted{{/if}}\">{{{total.formatted}}}</div>\n            {{#if total_discounted}}\n              <div class=\"mini-cart-item-price mini-cart-item-col\">{{total_discounted.formatted}}</div>\n            {{/if}}\n          </div>\n\n          {{! Remove Link }}\n          <div class=\"mini-cart-item-col\">\n            <a class=\"cart-item-remove\" href=\"{{remove_url}}\" data-mini-cart-remove=\"{{id}}\">\n              {{> svg/ex}}\n            </a>\n          </div>\n\n        </li>\n      {{/each}}\n    </ul>\n\n    {{! Totals / Links to checkout }}\n    <div class=\"mini-cart-footer\">\n      <div class=\"mini-cart-footer-total\">\n        <div class=\"mini-cart-footer-total-label\">{{lang 'cart.grand_total'}}</div>\n        <div class=\"mini-cart-footer-total-value\">{{cart.grand_total.formatted}}</div>\n      </div>\n      <div class=\"mini-cart-footer-buttons\">\n        <span class=\"mini-cart-view-cart-link\"><a href=\"{{urls.cart}}\">{{lang 'cart.view_cart'}}</a></span>\n        <a href=\"{{urls.checkout.single_address}}\" class=\"button mini-cart-checkout-button\">{{lang 'cart.checkout'}}</a>\n      </div>\n    </div>\n  {{else}}\n    {{! Empty Text }}\n    <p class=\"cart-preview-empty\">{{lang \"cart.empty_cart\"}}</p>\n  {{/if}}\n\n</div>\n","components/cart/mini-cart-count":"{{! Cart Count / Toggle - link to cart page on smallest screens. }}\n\n{{#if cart.quantity '>' 0}}\n  <span class=\"cart-count\" data-cart-preview-count=\"{{cart.quantity}}\">\n    <span class=\"cart-count-circle\"></span>\n  </span>\n{{/if}}\n","components/common/body-classes":"{{#unless theme_settings.bold_carousel_buttons}}carousel-minimal-buttons{{/unless}}\n{{#if theme_settings.filled_sale_dot}}setting-fill-badges{{/if}}\n{{#unless in_production}} dev-environment{{/unless}}\n","components/common/breadcrumbs":"{{!--\n  Displayed in the content header and links to parent pages.\n  Note: Each element is on same line with no extra white spacespace\n--}}\n{{!--\n  NOTE: No breadcrumbs featured in this design, but they can be added easily\n        by uncommenting this section.\n\n  {{#if this}}\n    <div class=\"breadcrumbs\">\n      {{#each this}}\n        {{#unless @last}}\n          <a class=\"breadcrumb\" href=\"{{url}}\">{{{name}}}</a> /\n        {{else}}\n          <span class=\"breadcrumb active\" href=\"{{url}}\">{{{name}}}</span>\n        {{/unless}}\n      {{/each}}\n    </div>\n  {{/if}}\n--}}\n","components/common/facebook-like":"{{#any settings.add_this.buttons service='facebook_like'}}\n  <div id=\"fb-root\"></div>\n  <script>(function(d, s, id) {\n    var js, fjs = d.getElementsByTagName(s)[0];\n    if (d.getElementById(id)) return;\n    js = d.createElement(s); js.id = id;\n    js.src = \"//connect.facebook.net/en_US/sdk.js#xfbml=1&version=v2.5\";\n    fjs.parentNode.insertBefore(js, fjs);\n  }(document, 'script', 'facebook-jssdk'));</script>\n{{/any}}\n","components/common/image":"{{!--\n  Helper to display any image with alt text. Pass in\n  @param img         The image object\n  @param size        The preset size to use.\n  @param url         Optional: Set the url this image should link to.\n  @param default     Default image to display\n  @param image-ratio   The image class to apply to the wrapping element.\n  @param not-lazy    Optional: do not lazy load (mainly used for ajax-loaded images)\n--}}\n\n{{#if not-lazy}}\n  {{#if url}}\n    <a class=\"replaced-image {{image-ratio}} {{#unless img}}no-image{{/unless}}\"\n      href=\"{{url}}\"\n      style=\"background-image: url({{getImage img size (cdn default)}});\"\n    >\n      <img\n        src=\"{{getImage img size (cdn default)}}\"\n        alt=\"{{image.alt}}\"\n      >\n    </a>\n  {{else}}\n    <div\n      class=\"replaced-image {{image-ratio}} {{#unless img}}no-image{{/unless}}\"\n      style=\"background-image: url({{getImage img size (cdn default)}});\"\n    >\n      <img\n        src=\"{{getImage img size (cdn default)}}\"\n        alt=\"{{image.alt}}\"\n      >\n    </div>\n  {{/if}}\n{{else}}\n  {{#if url}}\n    <a class=\"lazy-image replaced-image {{image-ratio}} {{#unless img}}no-image{{/unless}}\"\n      href=\"{{url}}\"\n      data-src=\"{{getImage img size (cdn default)}}\"\n    >\n      <img\n        class=\"lazy-image\"\n        data-src=\"{{getImage img size (cdn default)}}\"\n        alt=\"{{image.alt}}\"\n      >\n    </a>\n  {{else}}\n    <div\n      class=\"lazy-image replaced-image {{image-ratio}} {{#unless img}}no-image{{/unless}}\"\n      data-src=\"{{getImage img size (cdn default)}}\"\n    >\n      <img\n        class=\"lazy-image\"\n        data-src=\"{{getImage img size (cdn default)}}\"\n        alt=\"{{image.alt}}\"\n      >\n    </div>\n  {{/if}}\n{{/if}}\n","components/common/multi-level-nav-item":"<a href=\"{{url}}\" {{#if children}}data-toggle-multi=\"{{id}}\" data-multi-name=\"{{name}}\"{{/if}}>{{name}}</a>\r\n{{#if children}}\r\n  <ul class=\"nav-multi-panel nav-multi-panel-child is-right\" data-multi-menu=\"{{id}}\">\r\n    <li class=\"nav-multi-item-all\">\r\n      <a href=\"{{url}}\">{{lang 'header.all'}} {{name}}</a>\r\n    </li>\r\n    {{#each children}}\r\n      <li class=\"nav-multi-item {{#if children}}has-children{{/if}}\">\r\n        {{> components/common/multi-level-nav-item}}\r\n      </li>\r\n    {{/each}}\r\n  </ul>\r\n{{/if}}\r\n","components/common/nav-menu":"{{!--\r\n  Main Navigation Menu: Loops over a menu object and displays the list\r\n  @param menu   The menu object to loop over.\r\n--}}\r\n{{#each menu}}\r\n  <li class=\"nav-menu-item{{#if children}} menu-dropdown{{/if}}\" >\r\n    <span class=\"nav-menu-item-wrapper\">\r\n        <a href=\"{{url}}\">{{name}}</a></span>\r\n    {{#if children}}\r\n      <ul class=\"dropdown\">\r\n        {{#each children}}\r\n          <li>\r\n           <a href=\"{{url}}\"> {{name}}</a>\r\n            {{#if children}}\r\n              <ul>\r\n                {{#each children}}\r\n                  <li>\r\n                    <a href=\"{{url}}\">{{name}}</a>\r\n                  </li>\r\n                {{/each}}\r\n              </ul>\r\n            {{/if}}\r\n          </li>\r\n        {{/each}}\r\n      </ul>\r\n    {{/if}}\r\n  </li>\r\n{{/each}}\r\n","components/common/newsletter-subscribe":"<form class=\"form\" action=\"{{urls.subscribe.action}}\" method=\"post\">\n  <input type=\"hidden\" name=\"action\" value=\"subscribe\">\n  <input type=\"hidden\" name=\"nl_first_name\" value=\"bc\">\n  <input type=\"hidden\" name=\"check\" value=\"1\">\n  <fieldset class=\"newsletter-subscribe\">\n    <label class=\"visually-hidden\" for=\"nl_email\">{{lang 'common.newsletter.email_placeholder'}}</label>\n    <div class=\"input-wrap-outer\">\n    <input class=\"button\" type=\"submit\" value=\"{{lang 'common.newsletter.submit'}}\">\n      <div class=\"input-wrap\">\n        <input\n          class=\"form-input\"\n          id=\"nl_email\"\n          name=\"nl_email\"\n          type=\"email\"\n          value=\"{{customer.email}}\"\n          required\n          placeholder=\"{{lang 'common.newsletter.email_placeholder'}}\">\n      </div>\n    </div>\n  </fieldset>\n</form>\n","components/content-header":"{{!--\n  Main Content Header - Used on top of many pages, often containing breadcrumbs\n  @param title        The title to be used in an h1 (optional)\n--}}\n\n<header class=\"content-header\n  {{#unless theme_settings.invert_header}}content-header-tinted{{else}}contained{{/unless}}\">\n  <div class=\"header-wrap {{#unless theme_settings.invert_header}}contained{{/unless}}\">\n    {{> components/common/breadcrumbs breadcrumbs}}\n    {{#if title}}<h1 class=\"page-title\">{{{title}}}</h1>{{/if}}\n  </div>\n</header>\n","components/currency-selector":"{{#if currency_selector.currencies.length \">\" 1}}\n  <span class=\"currency-selector\" data-currency-selector>\n    <label data-currency-selector-toggle>{{currency_selector.active_currency_code}}\n      <select>\n        {{#each currency_selector.currencies}}\n          <option value=\"{{{switch_url}}}\" {{#if is_active}}selected{{/if}}>\n            {{name}}\n          </option>\n        {{/each}}\n      </select>\n    </label>\n  </span>\n{{/if}}\n","components/footer-payment-gateways":"<aside class=\"payment-gateways\">\n\n  {{#if theme_settings.payment_visa}}\n    <svg xmlns=\"http://www.w3.org/2000/svg\" width=\"48\" height=\"15\" viewBox=\"0 0 48 15\"><path fill=\"currentColor\" fill-rule=\"evenodd\" d=\"M44.8.4h-3c-1 0-1.7.3-2 1.2l-5.8 13h4s.7-1.7 1-2h4.8l.5 2H48L44.7.6zM40 9.6l1.5-4 .5-1.4.3 1.3s.7 3.4 1 4H40zm-5.8.4c0 3-2.7 5-6.7 5-1.8-.2-3.5-.5-4.4-1l1-3h.4c1.3.7 2 1 3.6 1 1 0 2.2-.6 2.3-1.5 0-.6-.5-1-2-1.8-1.5-.7-3.5-1.8-3.5-4C24.8 2 27.6 0 31.4 0 33 0 34 .6 35 1l-.6 3H34c-.8-.3-1.7-.6-3-.6-1.5 0-2.2.8-2.2 1.3 0 .7.8 1.2 2.2 1.8 2.2 1 3.2 2.4 3.2 4zM.2.5V.3h6c.8 0 1.4.3 1.7 1l1 6.5C8 4.4 4.7 1.8 0 .5zm17.5 0l-6.2 14h-4L3.8 2.8C6.2 4.4 8.4 7 9 8.8l.5 1.4 4-9.7h4.2zm1.5 0h4l-2.5 14.2h-4L19.3.3z\"/></svg>\n  {{/if}}\n\n  {{#if theme_settings.payment_mastercard}}\n    <svg xmlns=\"http://www.w3.org/2000/svg\" width=\"50\" height=\"29\" viewBox=\"0 0 50 29\"><path fill=\"currentColor\" fill-rule=\"evenodd\" d=\"M48 22h-.2-.3v.3c-.2 0-.2.2-.2.2v.3s.2 0 .2.2h.5l.2-.2v-.3-.2L48 22zm0 .8h-.2v-.2h-.2v.2-.5h.3v.2h-.2v.2h.2zm-.2-.3h-.2.2zm-.4-5h-.2v.4H47.8l.2-.3c0-.2-.2-.3-.2-.3h-.2-.2zm.3 0v.2h-.2v.2-.5h.2zm-.2 0h.2v.2h-.2zm-10.7-2h.4c0 .3-.2 1.5-1 1.5-.6 0-.7-.4-.7-.6 0-.4.2-1 1.3-1zm-25 0h.3c.2.3 0 1.5-1 1.5-.4 0-.6-.4-.6-.6 0-.4.3-1 1.4-1zM25 3.7C22.4 1.4 19 0 15.3 0 7.3 0 .8 6.5.8 14.5S7.3 29 15.3 29c3.7 0 7-1.4 9.7-3.8l-1.5-1.5h3L25 25.2c2.6 2.4 6 3.8 9.7 3.8 8 0 14.5-6.5 14.5-14.5S42.7 0 34.7 0c-3.7 0-7 1.4-9.7 3.7zm-1.3 1.5h2.7l1.2 1.6h-5l1-1.6zm-2 3h6.7L29 10h-8c0-.3.4-1 .8-1.7zm-15 10l1-5.5-2 5.5H4.4v-5.5l-1 5.5H2l1.2-7.4h2.3v4.6L7 10.8h2.5l-1.2 7.4H6.7zm5.3 0v-.6s-.5.7-1.6.7C10 18.3 9 18 9 16.6c0-1.7 1.3-2.2 2.7-2.2h.6V14c0-.5-.3-.5-1-.5-1 0-1.6.2-1.6.2l.2-1.3s.8-.3 1.8-.3c.6 0 2 0 2 2l-.5 4.2H12zm5.7-2c0 2.2-2 2-2.3 2h-1.8l.2-1.5s.7.3 1.4.3c.4 0 1 0 1-.6 0-.7-2-.5-2-2.3 0-1.5 1.2-2 2.3-2 1 0 1.5.2 1.5.2l-.2 1.4h-1c-.6 0-1 0-1 .4 0 .8 2 .4 2 2.3zm2.4.6h.5l-.2 1.3c-.2.2-.6.3-1.2.3s-1-.4-1-1.3l.8-5.7h1.6l-.2 1h.8l-.2 1.4H20l-.5 2.6c0 .3 0 .5.6.5zm3.5-4.8c1.7 0 2.2 1.3 2.2 2.3l-.2 1.4h-3S22 17 23.6 17c.8 0 1.7-.4 1.7-.4L25 18s-.4.3-1.5.3c-1.3 0-2.7-.5-2.7-2.7 0-2 1-3.6 2.7-3.6zm4 10.2h-5l-1-1.6h7l-1 1.6zm-.3-4h-1.6l1-6H28v1s.4-1 1-1h.4c-.2.4-.4.8-.6 1.8-1-.4-1 1.6-1.6 4.2zm6 0H32c-2 0-3-1-3-3 0-3 2-4.5 3.7-4.5.8 0 1.7.4 1.7.4l-.3 1.7s-.5-.5-1.3-.5c-1 0-2 1-2 3 0 .8.5 1.6 1.6 1.6.5 0 1.2-.4 1.2-.4l-.2 1.7zm3.8 0v-.6s-.5.7-1.5.7c-.6 0-1.5-.3-1.5-1.7 0-1.7 1.4-2.2 2.7-2.2h.7V14c0-.5-.4-.5-1-.5-1 0-1.7.2-1.7.2l.3-1.3s.8-.3 1.8-.3c.6 0 2.2 0 2 2l-.5 4.2H37zm3.2 0h-1.6l1-6H41v1s.4-1 1-1h.4c-.2.4-.4.8-.6 1.8-1-.4-1.2 1.6-1.6 4.2zm7.8-.7v.5l-.2.2h-.2-.3V18c-.2 0-.2-.2-.2-.3l.2-.2v-.2H48l.2.2zM45.7 13l.4-2 1.6-.2-1.2 7.4H45v-.6s-.5.7-1.5.7c-1.2 0-2-1.3-2-2.5 0-2 1.3-3.7 2.7-3.7 1 0 1.5 1 1.5 1zm-21.5 1.5h-1.7s.2-1 1-1c1 0 .7 1 .7 1zm20.3-1c.5 0 .8.5.8 1.4 0 .7-.4 1.8-1.2 1.8-.5 0-.7-.5-.7-1.2 0-1.2.5-2 1.2-2z\"/></svg>\n  {{/if}}\n\n  {{#if theme_settings.payment_american_express}}\n    <svg xmlns=\"http://www.w3.org/2000/svg\" width=\"70\" height=\"32\" viewBox=\"0 0 70 32\">\n      <path fill=\"currentColor\" d=\"M69.102 17.22l.4 9.093c-.69.313-3.286 1.688-4.26 1.688h-4.79v-.65c-.545.44-1.548.66-2.466.66H42.933v-2.47c0-.34-.057-.34-.345-.34h-.257V28h-4.96v-2.923c-.83.402-1.75.402-2.58.402h-.54V28H28.2l-1.435-1.656L25.185 28h-9.72V17.22h9.893l1.405 1.662 1.55-1.663h6.65c.776 0 2.038.11 2.582.66v-.66h5.936c.61 0 1.75.11 2.53.66v-.66h8.95v.66c.52-.43 1.44-.66 2.27-.66h4.98v.66c.55-.37 1.32-.66 2.33-.66h4.57zm-34.197 6.65c1.577 0 3.183-.43 3.183-2.58 0-2.093-1.635-2.523-3.07-2.523H29.14l-2.38 2.523-2.234-2.523H17.1v7.67h7.31l2.35-2.51 2.268 2.51h3.556V23.87h2.322zM46 23.557c-.17-.23-.486-.516-.945-.66.516-.172 1.318-.832 1.318-2.036 0-.89-.315-1.37-.917-1.72-.602-.31-1.32-.37-2.266-.37h-4.215v7.67h1.864v-2.8h1.97c.66 0 1.03.06 1.32.35.31.38.31 1.03.31 1.55v.91h1.83v-1.48c0-.69-.06-1.03-.29-1.4zm7.57-3.183V18.77h-6.135v7.67h6.136v-1.564h-4.33v-1.55h4.25V21.78h-4.25v-1.405h4.33zm4.675 6.065c1.864 0 2.926-.76 2.926-2.4 0-.78-.23-1.26-.54-1.67-.46-.37-1.12-.6-2.15-.6h-1.01c-.25 0-.48-.06-.71-.12-.2-.09-.37-.26-.37-.55 0-.26.06-.43.29-.603.15-.116.38-.116.72-.116h3.39v-1.63H57.1c-1.98 0-2.64 1.204-2.64 2.294 0 2.44 2.15 2.324 3.842 2.38.345 0 .545.06.66.175.116.084.23.313.23.542 0 .2-.114.37-.23.484-.172.113-.372.17-.716.17H54.69v1.62h3.554zm7.197 0c1.864 0 2.924-.76 2.924-2.4 0-.78-.23-1.26-.544-1.67-.46-.37-1.12-.6-2.15-.6h-1.004c-.258 0-.488-.06-.718-.12-.2-.09-.373-.26-.373-.55 0-.26.115-.43.287-.603.144-.116.373-.116.717-.116h3.39v-1.63H64.3c-1.923 0-2.64 1.204-2.64 2.294 0 2.44 2.15 2.324 3.842 2.38.344 0 .544.06.66.176.115.088.23.317.23.546 0 .2-.115.376-.23.49s-.373.17-.717.17H61.89v1.62h3.556zm-21.476-5.92c.23.11.373.34.373.66 0 .34-.15.6-.38.77-.29.11-.55.11-.89.11l-2.24.06v-1.75h2.23c.34 0 .66 0 .89.14zM36.108 8.64c-.287.172-.544.172-.918.172h-2.265v-1.69h2.265c.316 0 .688 0 .918.113.23.143.344.373.344.717 0 .315-.114.602-.344.69zm14.68-1.807L52.05 9.87h-2.52zM30.776 25.79l-2.838-3.183 2.838-3.012v6.193zm4.244-5.42c.66 0 1.09.26 1.09.92s-.43 1.03-1.09 1.03h-2.44v-1.95h2.437zM5.772 9.88l1.29-3.04 1.263 3.04h-2.55zm13.132 10.494h4.616l2.037 2.237-2.093 2.27h-4.56v-1.55h4.072v-1.55h-4.07v-1.4zm.172-6.996l-.545 1.377h-3.24l-.54-1.32v1.32H8.53l-.66-1.75H6.29l-.718 1.75H-.002l2.39-5.65L4.623 4h4.79l.658 1.262V4h5.59l1.27 2.724L18.16 4h17.835c.832 0 1.548.143 2.093.602V4h4.903v.602c.8-.46 1.86-.602 3.06-.602h7.09l.66 1.262V4h5.22l.78 1.262V4h5.1v10.753h-5.16l-1.003-1.635v1.635H52.3l-.716-1.75H50.01l-.717 1.75H45.94c-1.318 0-2.294-.316-2.954-.66v.66h-7.97v-2.466c0-.344-.058-.402-.287-.402h-.26v2.867h-15.4v-1.377zM43.363 6.41c-.832.83-.975 1.863-1.004 3.01 0 1.377.34 2.266.94 2.925.66.66 1.8.86 2.69.86h2.15l.71-1.692h3.85l.72 1.692h3.722V7.442l3.47 5.763h2.64V5.52h-1.89v5.334L58.13 5.52h-2.838v7.255L52.196 5.52h-2.724l-2.638 6.05h-.832c-.487 0-1.003-.114-1.262-.372-.344-.402-.488-1.004-.488-1.836 0-.803.144-1.405.488-1.748.373-.316.774-.43 1.434-.43h1.75V5.52h-1.75c-1.262 0-2.265.286-2.81.89zm-3.784-.89v7.684h1.86V5.52h-1.86zm-8.46 0v7.685h1.8v-2.78h1.98c.66 0 1.09.056 1.37.314.31.4.26 1.06.26 1.49v.97h1.89v-1.52c0-.66-.06-1.01-.35-1.38-.17-.23-.49-.49-.89-.66.512-.23 1.32-.83 1.32-2.04 0-.89-.378-1.38-.98-1.75-.6-.35-1.26-.35-2.207-.35h-4.21zm-7.49 0v7.686h6.17V11.63h-4.3v-1.55h4.24V8.503H25.5V7.126h4.3V5.52h-6.164zm-7.51 7.685h1.58l2.69-6.02v6.02h1.86V5.52h-3.01l-2.27 5.22-2.41-5.22h-2.95v7.255L8.47 5.52H5.744l-3.297 7.685h1.978l.688-1.692h3.87l.69 1.692h3.755v-6.02z\"/>\n    </svg>\n  {{/if}}\n\n  {{#if theme_settings.payment_discover}}\n    <svg xmlns=\"http://www.w3.org/2000/svg\" width=\"95\" height=\"32\" viewBox=\"0 0 95 32\">\n      <path fill=\"currentColor\" d=\"M50.43 8.06c4.547 0 8.093 3.49 8.093 7.935 0 4.47-3.57 7.96-8.093 7.96-4.638 0-8.115-3.443-8.115-8.05 0-4.334 3.635-7.845 8.115-7.845zm-46.068.285c4.81 0 8.168 3.133 8.168 7.64 0 2.247-1.028 4.422-2.76 5.864-1.462 1.21-3.127 1.76-5.43 1.76H0V8.34h4.363zm3.47 11.465c1.027-.912 1.64-2.38 1.64-3.847 0-1.464-.613-2.882-1.64-3.798-.984-.892-2.146-1.235-4.065-1.235H2.97v10.096h.797c1.92 0 3.127-.367 4.065-1.216zm6.068 3.8V8.347h2.965V23.61H13.9zm10.223-9.41c3.378 1.24 4.38 2.34 4.38 4.765 0 2.952-2.167 5.015-5.248 5.015-2.26 0-3.904-.896-5.27-2.907l1.913-1.856c.685 1.328 1.825 2.036 3.24 2.036 1.325 0 2.308-.915 2.308-2.152 0-.64-.298-1.18-.89-1.57-.298-.18-.89-.46-2.055-.87-2.78-1.01-3.74-2.08-3.74-4.19 0-2.49 2.06-4.37 4.75-4.37 1.67 0 3.2.57 4.48 1.7l-1.55 2.034c-.776-.867-1.506-1.233-2.396-1.233-1.28 0-2.212.73-2.212 1.69 0 .82.527 1.26 2.31 1.92zm5.315 1.786c0-4.436 3.605-7.985 8.1-7.985 1.28 0 2.353.28 3.654.94v3.51c-1.233-1.21-2.308-1.712-3.72-1.712-2.787 0-4.976 2.313-4.976 5.24 0 3.093 2.123 5.268 5.112 5.268 1.347 0 2.397-.48 3.585-1.67v3.505c-1.347.64-2.443.89-3.72.89-4.52 0-8.034-3.475-8.034-7.97zm35.8 2.615l4.11-10.25h3.217l-6.573 15.66h-1.596l-6.46-15.66h3.24zm8.676 5.02V8.35h8.418v2.584H76.88v3.39h5.243v2.584H76.88v4.123h5.452v2.588h-8.418zM94.08 12.86c0 2.335-1.23 3.87-3.46 4.33l4.793 6.43h-3.65l-4.106-6.137h-.387v6.135H84.3V8.348h4.4c3.425 0 5.384 1.644 5.384 4.505zm-5.95 2.52c1.9 0 2.905-.828 2.905-2.36 0-1.486-1.004-2.266-2.856-2.266h-.91v4.626h.86z\"/>\n    </svg>\n  {{/if}}\n\n  {{#if theme_settings.payment_paypal}}\n    <svg xmlns=\"http://www.w3.org/2000/svg\" width=\"52\" height=\"15\" viewBox=\"0 0 52 15\">\n      <path fill=\"currentColor\" fill-rule=\"evenodd\" d=\"M9.8 3c0-.4-.4-.7-.7-1l-1-.3-1.7-.2h-3c-.2 0-.5.3-.6.6l-2 8.5c0 .2.2.5.5.5h1.4c.3 0 .6-.3.7-.5l.4-2c0-.4.4-.6.7-.6h.4c1.7 0 3-.5 4-1C9.5 6 10 5.2 10 4c0-.4 0-.8-.2-1zm-3 2.6C6.6 6 6 6 5.2 6H5c-.3 0-.5 0-.4-.4l.4-1.8c0-.3.4-.5.7-.5H6c.4 0 .8 0 1 .2.4.2.5.5.5 1 0 .4-.2.8-.6 1zm19-1l-5.5 9.2c-.2.3-.6.5-1 .5H18c-.3 0-.4-.2-.2-.5l1.2-2v-1l-1-6.5c-.2-.3 0-.5.3-.5h1.2c.4 0 .7.2.8.5L21 8l2.3-3.7c.2-.3.5-.5.8-.5H26c.5 0 0 .7 0 .7zm9-1.7L34 2l-1.2-.3h-4.6c-.2 0-.5 0-.5.4l-2 8.5c0 .3.2.5.5.5h1.3c.3 0 .6-.2.7-.5l.5-2c0-.3.3-.6.6-.6h.4c1.7 0 3-.4 4-1C34.6 6 35 5.2 35 4c0-.5 0-1-.2-1.3zm-3 2.7c-.4.3-1 .4-1.7.4h-.3c-.3 0-.5 0-.4-.4l.4-1.8c0-.3.4-.5.7-.5h.4c.6 0 1 0 1.2.3.3 0 .4.4.4.8 0 .5-.2 1-.6 1.3zM16.5 4C16 4 15 3.8 14 3.8h-1.7l-.7.2c-.5 0-.6.6-.6.6v.6c-.2.5 0 .5 0 .4l1-.2 1.2-.2c.6 0 1 0 1.3.2.3 0 .4.3.4.6v.2h-.3l-2 .4c-.7 0-1.3.2-1.8.4-.6.3-1 .6-1.3 1-.2.4-.4.8-.4 1.4 0 .5.2 1 .6 1.3.3.3.8.5 1.3.5h1l.6-.3.4-.4.5-.4v.3c-.2.2 0 .5.3.5h1.2c.3 0 .6-.3.7-.5l1-4.4v-.5c0-.7-.2-1-.7-1.4zm-2.3 5l-.2.3-.5.2-.7.2c-.4 0-.6 0-.8-.2l-.3-.5c0-.3 0-.5.2-.6l.5-.4 1-.2 1-.2v.2L14.2 9zm34.3-8h.5v.2h-.5V2h.5v.2H48.4V1H48h.3V.6h.2V1zm-7 3c-.6-.2-1.4-.3-2.6-.3h-1.7l-.7.2c-.6 0-.6.6-.6.6l-.2.7c0 .4.2.4.3.3l1-.2 1.2-.2c.5 0 1 0 1.2.2.3 0 .4.3.4.6v.2h-.2l-2 .4c-.7 0-1.3.2-1.8.4-.5.3-1 .6-1 1-.4.4-.5.8-.5 1.4 0 .5.2 1 .5 1.3.4.3 1 .5 1.5.5h.8l.8-.3.6-.4.5-.4-.2.3c0 .2 0 .5.4.5h1.3c.3 0 .5-.3.6-.5L42 6V6l.2-.3c0-.6-.3-1-.8-1.4zM39 9l-.2.3-.6.2-.7.2c-.3 0-.6 0-.8-.2l-.3-.5c0-.2 0-.5.2-.6 0-.2.2-.3.4-.4l1-.2h1s0 .8-.2 1.2zm7.3-7l-1.8 8.5c-.2.3-.4.5-.7.5h-1.2c-.3 0-.5-.3-.4-.5v-.3l1.8-7.8V2c.2-.2.4-.4.7-.4h1c.4 0 .6.3.5.5zm4.6-.8l.2.3v1H51V1.2h-.7v1.2H50V1.2h-.5v1h-.3V1.2h.3v.2h.2L50 1l.3.2h.2l.3-.2.3.2z\"/>\n    </svg>\n  {{/if}}\n\n  {{#if theme_settings.payment_apple_pay}}\n    <svg xmlns=\"http://www.w3.org/2000/svg\" width=\"68\" height=\"32\" viewBox=\"0 0 68 32\">\n      <path fill=\"currentColor\" d=\"M17.946 13.146c.032 3.738 3.392 4.992 3.424 5.005-.032.083-.544 1.773-1.773 3.52-1.062 1.504-2.176 3.008-3.904 3.034-1.715.032-2.266-.979-4.224-.979-1.952 0-2.56.947-4.179 1.011-1.683.064-2.963-1.632-4.032-3.136-2.189-3.066-3.866-8.672-1.613-12.448 1.12-1.875 3.117-3.072 5.286-3.098 1.645-.032 3.2 1.075 4.211 1.075 1.024 0 2.906-1.331 4.896-1.133.832.032 3.168.32 4.672 2.451-.128.064-2.79 1.581-2.752 4.71zM14.72 3.949c.896-1.043 1.504-2.496 1.344-3.949-1.293.051-2.848.832-3.776 1.875-.819.928-1.536 2.406-1.344 3.827 1.427.115 2.893-.704 3.776-1.747zM27.635 2.163c.666-.115 1.395-.211 2.189-.301.8-.083 1.677-.128 2.624-.128 1.376 0 2.56.16 3.546.48.992.32 1.805.787 2.445 1.389.544.531.973 1.165 1.28 1.901.307.73.461 1.574.461 2.528 0 1.152-.211 2.176-.64 3.04-.416.87-.992 1.6-1.728 2.189-.717.589-1.587 1.024-2.586 1.318-1.005.288-2.099.429-3.283.429-1.062 0-1.965-.077-2.688-.23v9.6h-1.613l-.006-22.214zm1.6 11.213c.397.109.832.192 1.306.23.48.045.992.064 1.536.064 2.048 0 3.648-.461 4.768-1.395 1.126-.934 1.69-2.304 1.69-4.109 0-.864-.141-1.626-.435-2.266s-.717-1.178-1.261-1.587c-.55-.41-1.197-.723-1.952-.934-.749-.211-1.581-.32-2.496-.32-.723 0-1.344.032-1.875.083-.525.064-.947.128-1.267.192l-.013 10.042zm23.719 7.206c0 .64.013 1.293.032 1.939.019.64.083 1.261.192 1.856H51.68l-.237-2.266h-.077c-.205.32-.467.627-.787.934-.32.32-.685.595-1.107.851s-.896.467-1.434.621c-.538.154-1.126.23-1.76.23-.8 0-1.504-.128-2.112-.384-.595-.256-1.088-.589-1.472-.998-.397-.41-.685-.883-.877-1.421-.192-.531-.294-1.069-.294-1.6 0-1.894.819-3.347 2.445-4.371 1.632-1.024 4.083-1.517 7.36-1.472v-.422c0-.429-.032-.909-.115-1.459-.077-.544-.256-1.062-.531-1.549-.256-.486-.672-.896-1.216-1.235-.55-.333-1.293-.499-2.227-.499-.704 0-1.408.096-2.099.307-.704.211-1.331.512-1.901.896l-.512-1.178c.73-.486 1.485-.832 2.259-1.05.768-.211 1.581-.32 2.432-.32 1.133 0 2.061.192 2.778.576.717.371 1.28.858 1.69 1.459s.691 1.28.832 2.022c.154.742.23 1.485.23 2.221l.006 6.31zm-1.6-4.768c-.877-.019-1.779.013-2.726.102-.941.09-1.818.288-2.611.589-.8.294-1.459.736-1.984 1.318-.525.576-.787 1.344-.787 2.304 0 1.133.333 1.965.992 2.496.659.538 1.408.806 2.221.806.653 0 1.248-.09 1.773-.269s.979-.416 1.363-.717.717-.64.979-1.024c.256-.371.461-.768.595-1.165.115-.448.173-.768.173-.96l.013-3.482zm4.742-7.443l4.16 10.413c.237.576.448 1.171.653 1.792.205.602.384 1.165.55 1.677h.064l.557-1.645c.192-.621.429-1.248.678-1.894l3.891-10.342h1.709l-4.736 11.744c-.486 1.248-.934 2.381-1.357 3.392s-.845 1.92-1.28 2.733c-.435.813-.87 1.536-1.312 2.157-.448.621-.941 1.165-1.491 1.632-.64.557-1.216.96-1.76 1.216-.531.256-.896.422-1.075.486l-.544-1.299c.41-.179.864-.41 1.363-.704.512-.288.992-.666 1.472-1.133.41-.397.858-.928 1.344-1.587.493-.653.934-1.446 1.318-2.387.147-.352.211-.589.211-.704 0-.147-.064-.384-.205-.704L54.399 8.372h1.696z\"/>\n    </svg>\n  {{/if}}\n\n</aside>\n","components/global-injects":"{{!-- Form validation --}}\n{{inject 'validationRequired' (lang 'forms.validation.required')}}\n{{inject 'validationEmail' (lang 'forms.validation.email')}}\n{{inject 'validationNumber' (lang 'forms.validation.number')}}\n{{inject 'validationNumMax' (lang 'forms.validation.num_max')}}\n{{inject 'validationNumMin' (lang 'forms.validation.num_min')}}\n{{inject 'validationNumRange' (lang 'forms.validation.num_range')}}\n{{inject 'validationMaxLength' (lang 'forms.validation.max_length')}}\n{{inject 'validationMinLength' (lang 'forms.validation.min_length')}}\n{{inject 'validationMaxChecked' (lang 'forms.validation.max_checked')}}\n{{inject 'validationMinChecked' (lang 'forms.validation.min_checked')}}\n{{inject 'validationMaxSelected' (lang 'forms.validation.max_selected')}}\n{{inject 'validationMinSelected' (lang 'forms.validation.min_selected')}}\n{{inject 'validationNotEqual' (lang 'forms.validation.not_equal')}}\n{{inject 'validationDifferent' (lang 'forms.validation.different')}}\n\n{{!-- Messages used for Add to Cart --}}\n{{inject 'addSuccess' (lang 'product.success' cartUrl=urls.cart checkoutUrl=urls.checkout.single_address)}}\n{{inject 'addToCart' (lang 'product.add_to_cart')}}\n{{inject 'cartLink' (lang 'product.cart_link')}}\n{{inject 'checkoutLink' (lang 'product.checkout_link')}}\n{{inject 'errorMessageGeneral' (lang 'product.error_message_general')}}\n{{inject 'homeLink' (lang 'product.home_link')}}\n{{inject 'outOfStock' (lang 'product.error_message_stock')}}\n{{inject 'preOrder' (lang 'product.pre_order')}}\n{{inject 'soldOut' (lang 'product.sold_out')}}\n\n{{inject 'compare_oneItem' (lang 'common.compare.one_item')}}\n{{inject 'compare_items' (lang 'common.compare.items')}}\n\n{{!-- Carousel --}}\n{{inject 'carouselDelay' carousel.swap_frequency}}\n\n{{!-- Product --}}\n{{inject 'productSale' (lang 'product.sale')}}\n{{inject 'productIncludingTax' (lang 'product.including_tax')}}\n{{inject 'productExcludingTax' (lang 'product.excluding_tax')}}\n{{inject 'productYouSave' (lang 'product.you_save')}}\n\n{{!-- Theme Settings --}}\n{{inject 'themeSettings' theme_settings}}\n","components/navigation":"{{!--\r\n  Display either the 'pages menu' or the 'categories menu'\r\n  depending on the theme setting.\r\n--}}\r\n\r\n\r\n<nav class=\"main-menu\">\r\n  {{#if theme_settings.menu_sidebar '==' 'multi'}}\r\n    <div class=\"nav-multi-breadcrumbs\">\r\n      <span class=\"nav-multi-breadcrumb reset-all\" data-toggle-multi=\"all\">{{lang 'header.menu'}}</span>\r\n    </div>\r\n    <div class=\"nav-multi-container\">\r\n      <ul class=\"nav-multi-panel nav-multi-panel-parent is-active\" data-panel-depth=\"0\" data-multi-menu=\"all\">\r\n        {{#each categories}}\r\n          <li class=\"nav-multi-item nav-multi-item-parent {{#if children}}has-children{{/if}}\" >\r\n            {{> components/common/multi-level-nav-item}}\r\n          </li>\r\n        {{/each}}\r\n      </ul>\r\n    </div>\r\n  {{else}}\r\n    <ul class=\"nav-menu\">\r\n      <!--{{#if theme_settings.menu_sidebar '==' 'brands'}}-->\r\n      <!--  {{> components/common/nav-menu menu=brands}}-->\r\n      <!--{{else if theme_settings.menu_sidebar '==' 'categories'}}-->\r\n      <!--  {{> components/common/nav-menu menu=categories}}-->\r\n      <!--{{else}}-->\r\n        {{> components/common/nav-menu menu=pages}}\r\n      <!--{{/if}}-->\r\n    </ul>\r\n  {{/if}}\r\n  <div class=\"menu-drawer-hover\">\r\n      \r\n  </div>\r\n</nav>\r\n\r\n","components/page-footer":"<section class=\"testimonials-container\">\r\n  <div class=\"blackbar\"></div>\r\n    <header>\r\n      <h1>Testimonials</h1>\r\n      <a href=\"http://www.chakrubs.com/testimonials/\">view all</a>\r\n    </header>\r\n    <div class=\"testimonials\">\r\n      <div class=\"testimonials-slider\">\r\n        <div>\r\n          <blockquote>\r\n            “It makes me feel good about what I’m putting in my body. I have a relationship with my Chakrub. Crystals are energy, as powerful as we are. I’m a meditator. My Chakrub has assisted me in reaching a higher awareness. It allows me a new form of meditation that everyone deserves to feel. Instead of racing to an orgasm, Chakrubs makes me present enough to want to slow down and enjoy the process.”\r\n          </blockquote>\r\n          — Melanie\r\n        </div>\r\n        <div>\r\n          <blockquote>\r\n            “My Jade chakrub feels like my new best friend. I have always orgasmed easily but this brought new territory as, used with a partner it unexpectedly helped create my first ejaculation , and used alone brings me great delight, joy and sheer pleasure.”\r\n          </blockquote>\r\n          — Mary M.\r\n        </div>\r\n        <div>\r\n          <blockquote>\r\n            “The chakrub has been a very powerful tool for me in terms of healing. I do feel so beautiful after I let it love me... when i orgasm I do believe it develops a life of its own and it seems to light up. It makes me feel safe and clean and pure and so happy. I don’t consider it a sex toy at all. It’s not a toy for me... it’s a sacred love making tool. Making love to myself is truly becoming a beautiful experience and an act of the pure divine.”\r\n          </blockquote>\r\n          — Y.M.\r\n        </div>\r\n        <div>\r\n          <blockquote>\r\n            “When that energy is connected with mine, the crystal literally pulsates and vibrates. This experience is phenomenal in its own subtle way, and changes, transforms the sexual experience. Each session is a chance to learn, grow and find the purity in our personal sexuality! Embrace the Goddess!”\r\n          </blockquote>\r\n          — Nikolette Anais\r\n        </div>\r\n        <div>\r\n          <blockquote>\r\n            “It felt like my heart burst open in ecstatic flames, and my body stayed, suspended like a deep sea magnolia flower, rooted down and breathing and flowing in constant waves of soft bliss, warmth, and wholeness. And that was my first experience!”\r\n          </blockquote>\r\n          — Kitty E.\r\n        </div>\r\n        <div>\r\n          <blockquote>\r\n            “My chakrub has come in handy as a tool for many forms of self resurrection. I immediately noticed the loving frequencies coming off it and I spend time just hanging out or sleeping with it. My chakrub is calming for my anxiety and though I’ve got a long way to go, it has notably  increased my ability to see my selfworth again.”\r\n          </blockquote>\r\n          — her sacred yoni\r\n        </div>\r\n      </div>\r\n    </div>\r\n</section>\r\n\r\n<script src=\"https://cdnjs.cloudflare.com/ajax/libs/jquery/2.1.3/jquery.min.js\" type=\"text/javascript\" charset=\"utf-8\"></script>\r\n  <a href=\"https://www.instagram.com/chakrubs/\" target=\"_blank\"><h2 class=\"instagram section-title\">Follow us</h2></a>\r\n  <div id=\"instagram\">\r\n        \r\n        <section id='content'></section>\r\n  </div>\r\n  \r\n  <script >\r\n      $(function(){\r\n          var accessToken = '295318501.989d67d.b7d5bc4945f441568eddc8cd21e9141b';\r\n          $.getJSON('https://api.instagram.com/v1/users/self/media/recent/?access_token='+accessToken+'&callback=?',function (insta) {\r\n            $.each(insta.data,function (photos,src) {\r\n            \r\n              if ( photos === 5 ) { return false; }\r\n                  if (insta.meta.code === 400) {\r\n                      $('.instagram.section-title').hide();\r\n                  } else {\r\n                        $('<a href=\"'+src.link+'\" class=\"post\">'+\r\n                            '<div class=\"image\" style=\"background-image:url('+src.images.standard_resolution.url+');\"></div>'+\r\n                            '<ul>'+\r\n                            '<li><i class=\"fa fa-heart\"></i> '+src.likes.count+'</li>'+\r\n                            '<li><i class=\"fa fa-comment\"></i> '+src.comments.count+'</li>'+\r\n                            '</ul></a>').appendTo('#instagram #content');\r\n                       \r\n                  }\r\n            });\r\n             \r\n          });\r\n        });\r\n  </script>\r\n<footer class=\"main-footer contained\">\r\n\r\n  <div class=\"contained footer-content\">\r\n\r\n     {{! Footer Menu }}\r\n    <nav class=\"footer-sitemap footer-navigation footer-block\">\r\n      <h3 class=\"footer-block-title\">{{{lang 'common.sitemap.title'}}}</h3>\r\n      <div class=\"block-content\">\r\n           <ul class=\"nav-sitemap\">\r\n            <li><a href=\"http://www.chakrubs.com/\">Home</a></li>\r\n            <li><a href=\"/policies/\">Policies</a></li>\r\n            <li><a href=\"/contact-us/\">Contact Us</a></li>\r\n       </ul>\r\n      </div>\r\n    </nav>\r\n    \r\n     {{! Account Footer Menu }}\r\n    <nav class=\"footer-account footer-sitemap footer-navigation footer-block\">\r\n      <h3 class=\"footer-block-title\">\r\n        Account  \r\n      </h3>\r\n      <div class=\"block-content\">\r\n        <ul class=\"nav-sitemap\">\r\n            <li><a href=\"/cart.php\">Cart</a></li>\r\n            <li><a href=\"/login.php\">Login</a></li>\r\n            <li><a href=\"/giftcertificates.php\">Purchase Giftcard</a></li>\r\n            <li><a href=\"/giftcertificates.php?action=balance\">Check Gift Balance</a></li>\r\n        </ul>\r\n      </div>\r\n    </nav>\r\n\r\n    {{! Social Links }}\r\n    {{#if social_media.length}}\r\n      <nav class=\"footer-follow-links footer-block\">\r\n        <h3 class=\"footer-block-title\">{{lang 'common.follow_us'}}</h3>\r\n        <div class=\"block-content\">\r\n          {{> components/social-media-links}}\r\n        </div>\r\n      </nav>\r\n    {{/if}}\r\n\r\n    {{! Newsletter Signup }}\r\n    {{#if settings.show_newsletter_box}}\r\n      <aside class=\"footer-mailinglist footer-block\">\r\n        <h3 class=\"footer-block-title\">{{{lang 'common.newsletter.heading'}}}</h3>\r\n        <div class=\"block-content\">{{> components/common/newsletter-subscribe}}</div>\r\n      </aside>\r\n    {{/if}}\r\n\r\n  </div>\r\n\r\n  <aside class=\"footer-finale contained\">\r\n    <div class=\"footer-messages\">\r\n      {{! Address Information }}\r\n      {{#if settings.address}}\r\n        <p class=\"footer-address\">{{{settings.address}}}</p>\r\n      {{/if}}\r\n\r\n      {{! Copyright Message }}\r\n      {{#if theme_settings.copyright_year}}\r\n        <p class=\"footer-copyright\">\r\n          {{{lang 'common.copyright'}}}\r\n          <script>document.write(new Date().getFullYear())</script>\r\n          {{settings.store_name}}\r\n        </p>\r\n      {{/if}}\r\n\r\n      {{! Attribution Message }}\r\n      {{#if theme_settings.theme_credits}}\r\n        <p class=\"footer-message\">{{{lang 'common.footer_message'}}}</p>\r\n      {{/if}}\r\n    </div>\r\n\r\n    {{! Payment Gateways }}\r\n    {{> components/footer-payment-gateways}}\r\n  </aside>\r\n\r\n</footer>\r\n\r\n<script>\r\n\r\n    let menuDropHeight;\r\n      $('.menu-dropdown .nav-menu-item-wrapper').on('click',function(){\r\n          $(this).parent().find('.dropdown').fadeToggle();\r\n          console.log('clicked');\r\n      });\r\n     $('.menu-drawer-hover').on('mouseout',function(e){\r\n        var dropHeight = $('.menu-drawer-hover').attr('current-height'); \r\n        dropHeight = parseInt(dropHeight) + 142;\r\n        var cursorHeight = e.target.clientHeight;\r\n        console.log(e.clientY, dropHeight);\r\n        if (e.clientY > dropHeight) {\r\n            $('.menu-drawer-hover').hide();\r\n        }\r\n       \r\n     });\r\n\r\n    $('.menu-dropdown').on('mouseover',function(e){\r\n        $('.menu-drawer-hover').fadeIn(300);\r\n        \r\n        var leftInit = $(this)[0].offsetLeft - 20;\r\n\r\n        var addMenu = $(this).find('.dropdown');\r\n        var addMenuItems = $(this).find('li');\r\n        addMenu = $(addMenu)[0].innerHTML;\r\n        console.log($(addMenuItems).length);\r\n        var addHeight = ($(addMenuItems).length * 20) + 34;\r\n\r\n        $('.menu-drawer-hover').html('<ul class=\"dropMenu\">'+addMenu +'</ul>');\r\n        \r\n        $('.dropMenu').css({'left':leftInit + 'px', 'position':'relative'});\r\n        \r\n        $('.menu-drawer-hover li,.menu-drawer-hover li a').on('mouseover',function(e){\r\n           \r\n             $('.menu-drawer-hover').show();\r\n        }); \r\n        \r\n       \r\n        var menuDropHeight = $('.menu-drawer-hover')[0].clientHeight;\r\n        $('.menu-drawer-hover').attr('current-height', addHeight); \r\n      \r\n       \r\n    });\r\n     \r\n     $('.nav-menu-item:not(.menu-dropdown)').on('mouseover',function(){\r\n        if ($(this).hasClass('.menu-dropdown')) {\r\n            return;\r\n        } else {\r\n             $('.menu-drawer-hover').hide();\r\n        }\r\n     });\r\n     \r\n       $('.header-wrap .page-title').each(function(){\r\n        \r\n            var thePageTitle = $(this)[0].innerText;\r\n          thePageTitle = thePageTitle.replace(/ /g,'');\r\n            $('body').attr('id', thePageTitle);\r\n            \r\n     });\r\n   \r\n</script>\r\n","components/page-header":"\n<header class=\"main-header wrapper\">\n\n  {{> components/product/free-shipping-message}}\n  {{> components/product/free-shipping-message shipping_messages=product.shipping_messages}}\n\n  {{> components/page/nav-bar compact=false}}\n\n  {{> components/banner banners.top}}\n\n</header>\n","components/page/logo":"{{!-- Logo Image or Text displayed in Branding region. --}}\n\n<div class=\"store-logo\">\n  {{#if settings.store_logo.image}}\n    <a class=\"logo-image\" href=\"{{urls.home}}\" alt=\"{{settings.store_name}}\">\n      <img src=\"{{getImage settings.store_logo.image 'logo'}}\" alt=\"{{getImage settings.store_logo.image.alt}}\">\n    </a>\n  {{else}}\n    <h1 class=\"logo-text\"><a href=\"{{urls.home}}\">{{settings.store_logo.title}}</a></h1>\n  {{/if}}\n</div>\n","components/page/nav-bar":"<div class=\"nav-bar\">\r\n  <div class=\"nav-bar-inner{{#if theme_settings.navbar_all_caps}} navbar-allcaps{{/if}}\">\r\n\r\n    <div class=\"header-components\">\r\n\r\n      {{#if compact}}\r\n        {{! Nav Drawer Toggle }}\r\n        <button class=\"main-nav-button\"\r\n          aria-label=\"{{lang 'common.menu'}}\"\r\n          role=\"button\"\r\n          tabindex=\"0\"\r\n          data-main-nav-toggle>\r\n          <span></span>\r\n          <span></span>\r\n          <span></span>\r\n        </button>\r\n      {{else}}\r\n        {{! Back to Content toggle }}\r\n        {{#block \"page-header\"}}{{/block}}\r\n      {{/if}}\r\n\r\n    </div>\r\n\r\n    {{#if compact}}\r\n      {{! Logo }}\r\n      {{> components/page/logo}}\r\n    {{/if}}\r\n    <div class=\"desktop-logo\">\r\n        {{> components/page/logo}}\r\n    </div>\r\n\r\n    <div class=\"header-components nav-right\">\r\n      {{#unless compact}}\r\n\r\n        {{! Currency Switcher }}\r\n        {{> components/currency-selector}}\r\n\r\n        {{! Account Links }}\r\n        <span class=\"nav-bar-account-link\">\r\n          {{#if customer }}\r\n            <a href=\"{{urls.account.index}}\"><span>Account</span></a> /\r\n            <a href=\"{{urls.auth.logout}}\">Log Out</a>\r\n          {{else}}\r\n            <a href=\"{{urls.auth.login}}\"><span>Account</span></a>\r\n          {{/if}}\r\n        </span>\r\n\r\n        {{! Cart }}\r\n        <span class=\"header-mini-cart\" data-mini-cart>\r\n          {{> components/cart/mini-cart minicart=true}}\r\n        </span>\r\n\r\n        {{! Search }}\r\n        {{> components/search-box mini=true navbar=true}}\r\n\r\n        <div class=\"quick-search\" data-quick-search>\r\n          <div class=\"spinner la-ball-clip-rotate\"><div></div></div>\r\n        </div>\r\n\r\n      {{else}}\r\n\r\n        {{! Mini Cart - requires a wrapper for ajax content to load into}}\r\n        <span class=\"header-mini-cart\" data-mini-cart>\r\n          {{> components/cart/mini-cart minicart=false}}\r\n        </span>\r\n\r\n      {{/unless}}\r\n    </div>\r\n    \r\n    <div class=\"desktop-nav\">\r\n        {{> components/navigation}}\r\n    </div>\r\n\r\n  </div>\r\n</div>\r\n","components/page/sidebar":"<div class=\"sidebar-nav\">\n  <div class=\"sidebar-nav-wrapper{{#if theme_settings.sidebar_all_caps}} sidebar-allcaps{{/if}} {{#if theme_settings.top_align_nav}}align-top{{/if}}\">\n\n  {{! Search Box }}\n  <aside class=\"drawer-item drawer-search\">\n    {{{snippet 'forms_search'}}}\n    {{> components/search-box mini=true}}\n  </aside>\n\n  {{! Navigation and Logo }}\n  <div class=\"drawer-item drawer-nav\">\n    {{> components/page/logo}}\n    {{> components/navigation}}\n  </div>\n\n  {{! Currency Selector }}\n  <aside class=\"drawer-item drawer-extras\">\n    {{> components/currency-selector}}\n  </aside>\n\n  {{! Account Link }}\n  <nav class=\"drawer-item drawer-extras\">\n    {{#unless customer.id}}\n      <a href=\"{{urls.auth.login}}\">{{{lang 'common.sitemap.login'}}}</a>\n    {{else}}\n      <a href=\"{{urls.account.index}}\">{{{lang 'common.sitemap.account'}}}</a>\n      <a href=\"{{urls.auth.logout}}\">{{{lang 'common.sitemap.logout'}}}</a>\n    {{/unless}}\n  </nav>\n\n  </div>\n</div>\n","components/product/free-shipping-message":"{{#if shipping_messages}}\n  {{#each shipping_messages}}\n    <div class=\"banner banner-discounts\">{{{message}}}</div>\n  {{/each}}\n{{/if}}\n","components/search-box":"\n<form class=\"form search {{#if mini}}mini-search{{/if}}\" action=\"{{urls.search}}\">\n  <fieldset class=\"form-fieldset\">\n\n    <label class=\"form-label visually-hidden\" for=\"search_query_adv\">\n      {{lang 'search.title'}}\n    </label>\n\n    {{#if navbar}}<input type=\"checkbox\" id=\"mini-search-toggle\">{{/if}}\n\n    <div class=\"search-wrapper\">\n      {{#if mini}}{{> svg/search}}{{/if}}\n      <input\n        class=\"form-input\"\n        id=\"search_query_adv\"\n        name=\"search_query_adv\"\n        value=\"{{forms.search.query}}\"\n        placeholder=\"{{lang 'search.placeholder'}}\"\n        required>\n      <button class=\"button\" type=\"submit\">{{#unless mini}}{{lang 'search.title'}}{{/unless}}</button>\n      {{#if navbar}}<label for=\"mini-search-toggle\" class=\"mini-search-toggle-label\">{{> svg/ex}}</label>{{/if}}\n    </div>\n\n  </fieldset>\n</form>\n","components/social-media-links":"<ul class=\"footer-social-media\">\n  {{#each social_media}}\n\n    {{#if name \"==\" \"Pinterest\"}}\n      <li class=\"social-media-link\">\n        <a href=\"{{url}}\" title=\"{{name}}\" target=\"_blank\">\n          {{> svg/social/pinterest}}\n          <span class=\"social-media-name\">{{name}}</span>\n        </a>\n      </li>\n    {{/if}}\n\n    {{#if name \"==\" \"Facebook\"}}\n      <li class=\"social-media-link\">\n        <a href=\"{{url}}\" title=\"{{name}}\" target=\"_blank\">\n          {{> svg/social/facebook}}\n          <span class=\"social-media-name\">{{name}}</span>\n        </a>\n      </li>\n    {{/if}}\n\n    {{#if name \"==\" \"Twitter\"}}\n      <li class=\"social-media-link\">\n        <a href=\"{{url}}\" title=\"{{name}}\" target=\"_blank\">\n          {{> svg/social/twitter}}\n          <span class=\"social-media-name\">{{name}}</span>\n        </a>\n      </li>\n    {{/if}}\n\n    {{#if name \"==\" \"GooglePlus\"}}\n      <li class=\"social-media-link\">\n        <a href=\"{{url}}\" title=\"{{name}}\" target=\"_blank\">\n          {{> svg/social/googleplus}}\n          <span class=\"social-media-name\">{{name}}</span>\n        </a>\n      </li>\n    {{/if}}\n\n    {{#if name \"==\" \"Instagram\"}}\n      <li class=\"social-media-link\">\n        <a href=\"{{url}}\" title=\"{{name}}\" target=\"_blank\">\n          {{> svg/social/instagram}}\n          <span class=\"social-media-name\">{{name}}</span>\n        </a>\n      </li>\n    {{/if}}\n\n    {{#if name \"==\" \"YouTube\"}}\n      <li class=\"social-media-link\">\n        <a href=\"{{url}}\" title=\"{{name}}\" target=\"_blank\">\n          {{> svg/social/youtube}}\n          <span class=\"social-media-name\">{{name}}</span>\n        </a>\n      </li>\n    {{/if}}\n\n    {{#if name \"==\" \"Tumblr\"}}\n      <li class=\"social-media-link\">\n        <a href=\"{{url}}\" title=\"{{name}}\" target=\"_blank\">\n          {{> svg/social/tumblr}}\n          <span class=\"social-media-name\">{{name}}</span>\n        </a>\n      </li>\n    {{/if}}\n\n    {{#if name \"==\" \"StumbleUpon\"}}\n      <li class=\"social-media-link\">\n        <a href=\"{{url}}\" title=\"{{name}}\" target=\"_blank\">\n          {{> svg/social/stumbleupon}}\n          <span class=\"social-media-name\">{{name}}</span>\n        </a>\n      </li>\n    {{/if}}\n\n    {{#if name \"==\" \"RSS\"}}\n      <li class=\"social-media-link\">\n        <a href=\"{{url}}\" title=\"{{name}}\" target=\"_blank\">\n          {{> svg/social/rss}}\n          <span class=\"social-media-name\">{{name}}</span>\n        </a>\n      </li>\n    {{/if}}\n\n    {{#if name \"==\" \"LinkedIn\"}}\n      <li class=\"social-media-link\">\n        <a href=\"{{url}}\" title=\"{{name}}\" target=\"_blank\">\n          {{> svg/social/linkedin}}\n          <span class=\"social-media-name\">{{name}}</span>\n        </a>\n      </li>\n    {{/if}}\n\n  {{/each}}\n</ul>\n","core/account/_private/layout":"{{!\n  A wrapper for all account pages.\n\n  @block account-heading\n         The page's title.\n\n  @block account-content\n         The content for the main part of the layout.\n\n  @param class string\n         A name for the current page, added as a class to the account wrapper.\n\n  @param nav string\n         If \"hidden\", no nav will be shown.\n\n  @param nav_page string\n         If matches a string in navigation.html, that link will be made active.\n\n  @param header string\n         If \"hidden\", no header will be shown.\n         If \"top\", header will be shown above the nav.\n         Otherwise, header will be shown above the content.\n}}\n<section class=\"account-wrapper account-page-{{class}}{{#if nav '===' 'hidden'}} account-nav-hidden{{/if}}\">\n  {{#if header '===' 'top'}}{{> core/account/_private/layout-heading}}{{/if}}\n\n  {{#if nav '!==' 'hidden'}}\n    {{> core/account/_private/navigation nav_page=nav_page}}\n  {{/if}}\n\n  <div class=\"account-body\">\n    {{#unless header}}{{> core/account/_private/layout-heading}}{{/unless}}\n\n    <div class=\"account-content\">\n      {{#block 'account-content'}}{{/block}}\n    </div>\n  </div>\n</section>\n","core/account/_private/layout-heading":"<div class=\"account-header\">\n  <h1 class=\"account-heading\">{{#block 'account-heading'}}{{/block}}</h1>\n\n  <div class=\"account-toolbar\">{{#block 'account-toolbar'}}{{/block}}</div>\n</div>\n","core/account/_private/navigation":"<nav class=\"account-nav\">\n  <ul class=\"account-nav-list\">\n    <li class=\"account-nav-item{{#if nav_page '===' 'orders'}} is-active{{/if}}\">\n      <a class=\"account-nav-link\" href=\"{{urls.account.orders.all}}\">{{lang 'core.account.menu.orders'}}</a>\n    </li>\n\n    {{#if settings.returns_enabled}}\n      <li class=\"account-nav-item{{#if nav_page '===' 'returns'}} is-active{{/if}}\">\n        <a class=\"account-nav-link\" href=\"{{urls.account.returns}}\">{{lang 'core.account.menu.returns'}}</a>\n      </li>\n    {{/if}}\n\n    <li class=\"account-nav-item{{#if nav_page '===' 'messages'}} is-active{{/if}}\">\n      <a class=\"account-nav-link\" href=\"{{urls.account.inbox}}\">{{lang 'core.account.menu.messages'}}\n        {{#if customer.num_new_messages}}\n          <span class=\"account-nav-badge\">{{customer.num_new_messages}}</span>\n        {{/if}}\n      </a>\n    </li>\n\n    <li class=\"account-nav-item{{#if nav_page '===' 'addresses'}} is-active{{/if}}\">\n      <a class=\"account-nav-link\" href=\"{{urls.account.addresses}}\">{{lang 'core.account.menu.addresses'}}</a>\n    </li>\n\n    {{#if settings.show_wishlist}}\n      <li class=\"account-nav-item{{#if nav_page '===' 'wishlists'}} is-active{{/if}}\">\n        <a class=\"account-nav-link\" href=\"{{urls.account.wishlists.all}}\">{{lang 'core.account.menu.wishlists'}}</a>\n      </li>\n    {{/if}}\n\n    <li class=\"account-nav-item{{#if nav_page '===' 'recent_items'}} is-active{{/if}}\">\n      <a class=\"account-nav-link\" href=\"{{urls.account.recent_items}}\">{{lang 'core.account.menu.recently_viewed'}}</a>\n    </li>\n\n    <li class=\"account-nav-item{{#if nav_page '===' 'settings'}} is-active{{/if}}\">\n      <a class=\"account-nav-link\" href=\"{{urls.account.details}}\">{{lang 'core.account.menu.settings'}}</a>\n    </li>\n  </ul>\n\n  {{#if customer.store_credit.value '>' 0}}\n    {{> core/alerts/alert-success (lang 'core.account.common.store_credit' store_credit=customer.store_credit.formatted)}}\n  {{/if}}\n</nav>\n","core/account/_private/orders-list":"{{#if orders}}\n  <div class=\"account-items\">\n    {{#each orders}}\n      <article class=\"account-item\">\n        <a class=\"account-item-link\" href=\"{{details_url}}\"></a>\n\n        <div class=\"account-item-thumbnail\">\n          <a href=\"{{details_url}}\">\n            {{#if items.0.type '===' 'giftcertificate'}}\n              <img src=\"{{cdn ../../theme_settings.default_image_gift_certificate}}\">\n            {{else}}\n              <img src=\"{{getImage image 'account-product-thumbnail' (cdn ../../theme_settings.default_image)}}\" alt=\"{{image.alt}}\">\n            {{/if}}\n          </a>\n        </div>\n\n        <div class=\"account-item-body\">\n          <h1 class=\"account-item-title\">\n            <a href=\"{{details_url}}\">{{lang 'core.account.orders.items.number' number=id}}</a>\n          </h1>\n\n          <p class=\"account-item-description\">\n            {{lang 'core.account.orders.items.description' num_products=items.length cost=total.formatted}}\n          </p>\n\n          <div class=\"account-item-details\">\n            <div class=\"account-item-detail\">\n              <h2 class=\"account-item-detail-title\">{{lang 'core.account.orders.items.placed'}}</h2>\n              <span class=\"account-item-detail-value\">{{date}}</span>\n            </div>\n\n            {{#if date '!==' last_update_date}}\n              <div class=\"account-item-detail\">\n                <h2 class=\"account-item-detail-title\">{{lang 'core.account.orders.items.updated'}}</h2>\n                <span class=\"account-item-detail-value\">{{last_update_date}}</span>\n              </div>\n            {{/if}}\n          </div>\n        </div>\n\n        <div class=\"account-item-badge\">\n          <h2 class=\"account-status\">{{status}}</h2>\n        </div>\n      </article>\n    {{/each}}\n  </div>\n\n{{else}}\n  <div class=\"account-empty\">{{lang 'core.account.orders.items.empty'}}</div>\n\n{{/if}}\n","core/account/orders/all":"{{#partial 'account-heading'}}\n  {{lang 'core.account.orders.heading_all'}}\n{{/partial}}\n\n{{#partial 'account-content'}}\n  {{> core/account/_private/orders-list orders=customer.orders}}\n  {{> core/pagination pagination.orders}}\n{{/partial}}\n\n{{> core/account/_private/layout nav_page='orders' class='orders-all'}}\n","core/alerts/alert-success":"<div class=\"alert alert-success\">\n  {{#if dismissable}}<a class=\"alert-dismiss\">&times;</a>{{/if}}\n\n  <div class=\"alert-message\">\n    {{#if message}}\n      {{{message}}}\n    {{else}}\n      {{{this}}}\n    {{/if}}\n  </div>\n</div>\n","core/pagination":"<div class=\"pagination\">\n  {{#if previous}}\n    <a class=\"pagination-item pagination-previous\" href=\"{{previous}}\" data-faceted-search-facet>\n      {{lang 'core.pagination.previous'}}\n      <span class=\"pagination-page\">{{lang 'core.pagination.page'}}</span>\n    </a>\n  {{/if}}\n\n  <div class=\"pagination-count\">\n    <strong class=\"pagination-current\">\n      {{#if current}}\n        {{current}}\n      {{else}}\n        1\n      {{/if}}\n    </strong>\n    <span class=\"pagination-of\">{{lang 'core.pagination.of'}}</span>\n    <span class=\"pagination-total\">\n      {{#if links.length}}\n        {{links.length}}\n      {{else}}\n        1\n      {{/if}}\n    </span>\n  </div>\n\n  {{#if next}}\n    <a class=\"pagination-item pagination-next\" href=\"{{next}}\" data-faceted-search-facet>\n      {{lang 'core.pagination.next'}}\n      <span class=\"pagination-page\">{{lang 'core.pagination.page'}}</span>\n    </a>\n  {{/if}}\n</div>\n","layout/base":"<!doctype html>\r\n<!--[if IE 8]><html class=\"no-js ie8 lt-ie10 lt-ie9\" lang=\"en\"> <![endif]-->\r\n<!--[if IE 9 ]><html class=\"no-js ie9 lt-ie10\"> <![endif]-->\r\n<!--[if (gt IE 9)|!(IE)]><!-->\r\n<html class=\"no-js\" lang=\"{{ locale_name }}\">\r\n<!--<![endif]-->\r\n<head>\r\n    <!-- Google Tag Manager -->\r\n    <script>(function(w,d,s,l,i){w[l]=w[l]||[];w[l].push({'gtm.start':\r\n    new Date().getTime(),event:'gtm.js'});var f=d.getElementsByTagName(s)[0],\r\n    j=d.createElement(s),dl=l!='dataLayer'?'&l='+l:'';j.async=true;j.src=\r\n    'https://www.googletagmanager.com/gtm.js?id='+i+dl;f.parentNode.insertBefore(j,f);\r\n    })(window,document,'script','dataLayer','GTM-T7TH83H');</script>\r\n    <!-- End Google Tag Manager -->\r\n  <title>{{head.title}}</title>\r\n\r\n  {{{head.meta_tags}}}\r\n  {{{head.config}}}\r\n\r\n  <link href=\"{{head.favicon}}\" rel=\"shortcut icon\">\r\n  <meta name=\"viewport\" content=\"width=device-width, initial-scale=1, maximum-scale=1\">\r\n  <script>document.documentElement.className = document.documentElement.className.replace(/\\bno-js\\b/,'js');</script>\r\n  {{{stylesheet '/assets/css/theme.css'}}}\r\n\r\n  {{ getFontsCollection }}\r\n  <link rel=\"stylesheet\" href=\"https://cdnjs.cloudflare.com/ajax/libs/Swiper/4.1.0/css/swiper.min.css\">\r\n  {{{head.scripts}}}\r\n  {{{head.rsslinks}}}\r\n  {{inject 'themeImageSizes' theme_images}}\r\n  {{> components/global-injects}}\r\n  {{{snippet 'html_head'}}}\r\n</head>\r\n\r\n<body class=\"page-{{page_type}}\r\n  {{> components/common/body-classes}}\">\r\n     <!-- Google Tag Manager (noscript) -->\r\n    <noscript><iframe src=\"https://www.googletagmanager.com/ns.html?id=GTM-T7TH83H\"\r\n    height=\"0\" width=\"0\" style=\"display:none;visibility:hidden\"></iframe></noscript>\r\n    <!-- End Google Tag Manager (noscript) -->\r\n  {{{snippet 'header'}}}\r\n  {{#if page_type '===' 'product'}}\r\n    {{> components/common/facebook-like}}\r\n  {{else if page_type '===' 'blog_post'}}\r\n    {{> components/common/facebook-like}}\r\n  {{/if}}  {{> svg/sprite}}\r\n\r\n  <div class=\"drawer-wrapper\">\r\n    {{> components/page/nav-bar compact=true}}\r\n    {{> components/page/sidebar}}\r\n  </div>\r\n\r\n  <div class=\"page-wrap\">\r\n    <svg class=\"page-cover\">{{! Covers page content when nav open. }}</svg>\r\n\r\n    {{> components/page-header}}\r\n\r\n    <main class=\"main-content\">\r\n      {{#block \"page\"}}{{/block}}\r\n    </main>\r\n\r\n    {{> components/banner banners.bottom}}\r\n    {{> components/page-footer}}\r\n  </div>\r\n\r\n  <script src=\"{{cdn '/assets/js/bundle.js'}}\"></script>\r\n  <script>\r\n      window.stencilBootstrap(\"{{template_file}}\", {{jsContext}}).load();\r\n  </script>\r\n\r\n  <div class=\"footer-scripts contained\">\r\n    {{{footer.scripts}}}\r\n    <script src=\"https://cdnjs.cloudflare.com/ajax/libs/Swiper/4.1.0/js/swiper.min.js\"></script>\r\n\r\n  </div>\r\n  {{{snippet 'footer'}}}\r\n</body>\r\n</html>\r\n","pages/account/orders/all":"\n{{#partial \"page\"}}\n\n{{> components/content-header title=\"\"}}\n\n<section class=\"account-pages contained\">\n  {{> core/account/orders/all}}\n</section>\n\n{{{snippet 'account'}}}\n\n{{/partial}}\n\n{{> layout/base}}\n","svg/cart":"<svg xmlns=\"http://www.w3.org/2000/svg\" width=\"22\" height=\"18\" viewBox=\"0 0 22 18\" aria-label=\"{{lang 'common.sitemap.cart'}}\" role=\"icon\">\n  <title>{{{lang 'common.sitemap.cart'}}}</title>\n  <path fill=\"currentColor\" fill-rule=\"evenodd\" d=\"M7.7 15.23c-.76 0-1.38.6-1.38 1.37 0 .74.62 1.34 1.37 1.34.74 0 1.35-.6 1.35-1.34 0-.77-.6-1.37-1.38-1.37zm10.1 0c-.77 0-1.4.6-1.4 1.37 0 .74.63 1.34 1.4 1.34.74 0 1.36-.6 1.36-1.34 0-.77-.6-1.37-1.37-1.37zm3.7-12c-.16-.23-.4-.35-.88-.35H4.75L3.93.58C3.8.23 3.47 0 3.1 0H.88C.4 0 0 .4 0 .9c0 .48.4.88.87.88H2.5l4.16 11.45c.13.36.46.6.82.6l.1-.02 11.66-1.4c.37-.04.67-.32.75-.7L21.65 4c.05-.28 0-.55-.18-.76z\"/>\n</svg>\n","svg/ex":"<svg class=\"icon-x\" width=\"10\" height=\"10\" viewBox=\"0 0 10 10\" xmlns=\"http://www.w3.org/2000/svg\"><title>{{{lang 'common.modals.close'}}}</title><path fill=\"currentColor\" d=\"M3.94 5L.332 1.394C.04 1.1.04.626.333.334.626.04 1.1.04 1.393.333L5 3.938 8.606.332c.293-.292.768-.292 1.06 0 .293.293.293.768 0 1.06L6.062 5l3.607 3.606c.292.293.292.768 0 1.06-.293.293-.768.293-1.06 0L5 6.062 1.394 9.668c-.293.292-.768.292-1.06 0-.293-.293-.293-.768 0-1.06L3.938 5z\"/></svg>\n","svg/search":"<svg xmlns=\"http://www.w3.org/2000/svg\" width=\"16\" height=\"19\" viewBox=\"0 0 16 19\" aria-label=\"{{lang 'search.title'}}\" role=\"icon\">\n  <title>{{{lang 'search.title'}}}</title>\n  <path fill-rule=\"evenodd\" d=\"M11.7 12.2l.3-.4s.2 0 .2-.2c2-2.3 2-6 0-8.4C11 1.8 9.4 1 7.6.7 5.8.5 4 1 2.6 2.2 1 3.2.3 5 0 6.8c0 1.8.4 3.6 1.5 5C2.7 13.2 4.3 14 6 14.3c1.2 0 2.3 0 3.3-.5l.8-.3 4 4.8.7.2h.4V18c.4 0 .6-.3.7-.4.3-.2.2-.6 0-.7l-4-5zM7.3 2.5C10 2.8 12 5.3 11.8 8c-.3 2.7-2.8 4.7-5.5 4.4C3.6 12.2 1.6 9.7 2 7c0-2.8 2.5-4.8 5.2-4.5z\"/>\n</svg>\n","svg/social/facebook":"<svg \n  xmlns=\"http://www.w3.org/2000/svg\"\n  width=\"8\"\n  height=\"16\"\n  viewBox=\"0 0 8 16\"\n  aria-label=\"Facebook\"\n  role=\"icon\">\n  <title>Facebook</title>\n  <path fill=\"currentColor\" fill-rule=\"evenodd\" d=\"M0 5.292h1.655V3.684c0-.71.018-1.803.532-2.48C2.73.487 3.474 0 4.755 0 6.842 0 7.72.297 7.72.297l-.412 2.45s-.69-.198-1.333-.198c-.644 0-1.22.23-1.22.87v1.87h2.638L7.21 7.685H4.754V16h-3.1V7.685H0V5.292\"/>\n</svg>\n","svg/social/googleplus":"<svg \n  xmlns=\"http://www.w3.org/2000/svg\"\n  width=\"21\"\n  height=\"14\"\n  viewBox=\"0 0 21 14\"\n  aria-label=\"Google Plus\"\n  role=\"icon\">\n  <title>Google Plus</title>\n  <path fill=\"currentColor\" fill-rule=\"evenodd\" d=\"M6.668 5.523v2.79h3.595c-.573 1.804-1.46 2.79-3.595 2.79-2.188 0-3.907-1.86-3.907-4.158 0-2.297 1.72-4.156 3.91-4.156 1.146 0 1.928.435 2.605 1.036.573-.6.52-.656 1.875-2.023C9.95.653 8.387 0 6.667 0 2.967 0 0 3.117 0 7s2.97 7 6.668 7c5.522 0 6.877-5.03 6.408-8.422H6.668v-.055zm11.93.22V3.28h-1.615v2.462h-2.397v1.696h2.397v2.515h1.615V7.438h2.344V5.742h-2.344z\"/>\n</svg>\n","svg/social/instagram":"<svg \n  xmlns=\"http://www.w3.org/2000/svg\"\n  width=\"16\"\n  height=\"16\"\n  viewBox=\"0 0 16 16\"\n  aria-label=\"LinkedIn\"\n  role=\"icon\">\n  <title>Instagram</title>\n  <path fill=\"currentColor\" fill-rule=\"evenodd\" d=\"M14.44 12.908c0 .846-.686 1.533-1.532 1.533H3.092c-.846 0-1.533-.683-1.533-1.53V6.36h2.384c-.206.506-.32 1.06-.32 1.64 0 2.413 1.96 4.376 4.373 4.376 2.41 0 4.373-1.963 4.373-4.375 0-.58-.115-1.132-.32-1.64h2.388v6.55zm-8.723-6.55C6.23 5.648 7.06 5.182 8 5.182s1.77.465 2.283 1.174c.334.463.534 1.03.534 1.643 0 1.55-1.265 2.813-2.817 2.813-1.552 0-2.816-1.264-2.816-2.816 0-.614.2-1.18.533-1.644zm8.078-4.514h.354v2.71l-2.708.01-.01-2.713 2.36-.003zM12.908 0H3.092C1.388 0 0 1.387 0 3.092v9.816C0 14.613 1.388 16 3.092 16h9.816C14.612 16 16 14.613 16 12.908V3.092C16 1.387 14.612 0 12.908 0z\"/>\n</svg>\n","svg/social/linkedin":"<svg\n  xmlns=\"http://www.w3.org/2000/svg\"\n  width=\"18\"\n  height=\"16\"\n  viewBox=\"0 0 18 16\"\n  aria-label=\"LinkedIn\"\n  role=\"icon\">\n  <title>LinkedIn</title>\n  <path fill=\"currentColor\" fill-rule=\"evenodd\" d=\"M17.425 16h-3.85v-5.625c0-1.472-.603-2.477-1.928-2.477-1.013 0-1.577.678-1.84 1.332-.098.235-.082.56-.082.888V16H5.91s.05-9.964 0-10.87h3.815v1.707c.225-.746 1.444-1.81 3.39-1.81 2.414 0 4.31 1.563 4.31 4.93V16zM2.05 3.77h-.023C.797 3.77 0 2.94 0 1.888 0 .813.82 0 2.075 0c1.253 0 2.023.81 2.048 1.884 0 1.053-.795 1.887-2.072 1.887zM.44 5.13h3.396V16H.44V5.13z\"/>\n</svg>\n","svg/social/pinterest":"<svg\n  xmlns=\"http://www.w3.org/2000/svg\"\n  width=\"16\"\n  height=\"16\"\n  viewBox=\"0 0 16 16\"\n  aria-label=\"Pinterest\"\n  role=\"icon\">\n  <title>Pinterest</title>\n  <path fill=\"currentColor\" fill-rule=\"evenodd\" d=\"M8 0C3.583 0 0 3.582 0 8c0 3.275 1.97 6.09 4.79 7.327-.023-.558-.004-1.23.138-1.837l1.03-4.36S5.7 8.62 5.7 7.866c0-1.185.688-2.07 1.543-2.07.727 0 1.08.546 1.08 1.2 0 .732-.468 1.826-.707 2.84-.2.85.425 1.54 1.262 1.54 1.516 0 2.536-1.946 2.536-4.253 0-1.753-1.18-3.065-3.328-3.065-2.426 0-3.938 1.81-3.938 3.83 0 .698.205 1.19.527 1.57.148.175.168.244.114.446l-.16.64c-.057.204-.22.277-.4.202-1.12-.457-1.64-1.68-1.64-3.057 0-2.274 1.914-5 5.715-5 3.055 0 5.065 2.212 5.065 4.583 0 3.14-1.743 5.483-4.316 5.483-.863 0-1.675-.466-1.954-.996 0 0-.464 1.844-.562 2.2-.17.616-.5 1.233-.805 1.713.72.212 1.48.328 2.267.328 4.418 0 8-3.58 8-8s-3.582-8-8-8\"/>\n</svg>\n","svg/social/rss":"<svg\n  xmlns=\"http://www.w3.org/2000/svg\"\n  width=\"16\"\n  height=\"16\"\n  viewBox=\"0 0 32 32\"\n  aria-label=\"StumbleUpon\"\n  role=\"icon\">\n  <title>RSS</title>\n  <path fill=\"currentColor\" fill-rule=\"evenodd\" d=\"M-.465 2.01S28.7.574 31 31.32h-5.89S26.26 8.907-.466 6.895V2.01zm0 10.203s17.098-.577 20.402 19.107h-5.89S13.33 19.684-.465 17.094v-4.88zm3.2 12.817c2.063 0 3.737 1.67 3.737 3.737 0 2.06-1.674 3.735-3.736 3.735C.672 32.502-1 30.83-1 28.767c0-2.065 1.672-3.737 3.736-3.737z\"/>\n</svg>\n","svg/social/stumbleupon":"<svg\n  xmlns=\"http://www.w3.org/2000/svg\"\n  width=\"16\"\n  height=\"16\"\n  viewBox=\"0 0 32 32\"\n  aria-label=\"StumbleUpon\"\n  role=\"icon\">\n  <title>StumbleUpon</title>\n  <path fill=\"currentColor\" fill-rule=\"evenodd\" d=\"M32 16c0 8.837-7.163 16-16 16S0 24.837 0 16 7.163 0 16 0s16 7.163 16 16zM15.997 9c-2.22 0-4.022 1.794-4.022 4.008v5.696c0 .524-.427.95-.953.95s-.952-.426-.952-.95v-2.532H7v2.637c0 2.21 1.8 4.003 4.022 4.003 2.222 0 4.022-1.794 4.022-4.008v-5.802c0-.524.427-.95.953-.95s.953.426.953.95v1.16l1.27.58 1.8-.58v-1.16c0-2.214-1.8-4.008-4.023-4.008zm.953 7.225v2.584c0 2.21 1.8 4.003 4.022 4.003 2.22 0 4.022-1.794 4.022-4.008v-2.532h-3.07v2.53c0 .526-.426.95-.952.95s-.953-.424-.953-.95V16.22l-1.8.58-1.27-.58z\"/>\n</svg>\n","svg/social/tumblr":"<svg\n  xmlns=\"http://www.w3.org/2000/svg\"\n  width=\"16\"\n  height=\"16\"\n  viewBox=\"0 0 32 32\"\n  aria-label=\"Tumblr\"\n  role=\"icon\">\n  <title>Tumblr</title>\n  <path fill=\"currentColor\" fill-rule=\"evenodd\" d=\"M23.853 25.56c-.595.283-1.733.53-2.583.552-2.56.07-3.058-1.8-3.08-3.155v-9.962h6.426V8.15h-6.402V0h-4.688c-.077 0-.212.067-.23.24C13.022 2.733 11.853 7.11 7 8.86v4.133h3.24V23.45c0 3.58 2.64 8.665 9.61 8.546 2.35-.04 4.963-1.026 5.542-1.874l-1.54-4.565\"/>\n</svg>\n","svg/social/twitter":"<svg\n  xmlns=\"http://www.w3.org/2000/svg\"\n  width=\"18\"\n  height=\"14\"\n  viewBox=\"0 0 18 14\"\n  aria-label=\"Twitter\"\n  role=\"icon\">\n  <title>Twitter</title>\n  <path fill=\"currentColor\" fill-rule=\"evenodd\" d=\"M17.228 1.657c-.633.28-1.315.472-2.03.557.73-.437 1.29-1.13 1.554-1.955-.683.4-1.438.693-2.245.85C13.863.43 12.944 0 11.927 0c-1.95 0-3.533 1.583-3.533 3.534 0 .277.03.546.09.805C5.548 4.19 2.944 2.78 1.2.64.894 1.17.72 1.777.72 2.422c0 1.227.625 2.31 1.573 2.94-.578-.014-1.124-.175-1.6-.44v.046c0 1.713 1.217 3.142 2.835 3.465-.296.083-.61.125-.93.125-.23 0-.45-.02-.667-.063.45 1.404 1.76 2.426 3.308 2.453-1.21.95-2.734 1.514-4.39 1.514-.285 0-.567-.016-.843-.05C1.565 13.416 3.425 14 5.42 14c6.502 0 10.056-5.385 10.056-10.055 0-.154-.003-.308-.01-.458.692-.5 1.292-1.12 1.764-1.83\"/>\n</svg>\n","svg/social/youtube":"<svg\n  xmlns=\"http://www.w3.org/2000/svg\"\n  width=\"20\"\n  height=\"14\"\n  viewBox=\"0 0 20 14\"\n  aria-label=\"YouTube\"\n  role=\"icon\">\n  <title>YouTube</title>\n  <path fill=\"currentColor\" fill-rule=\"evenodd\" d=\"M19.937 10.564V3.436S19.937 0 16.502 0H3.435S0 0 0 3.436v7.128S0 14 3.435 14h13.067s3.435 0 3.435-3.436M13.84 7.01l-6.53 3.833V3.176l6.53 3.834\"/>\n</svg>\n","svg/sprite":"<svg class=\"svg-sprite\" xmlns=\"http://www.w3.org/2000/svg\" xmlns:xlink=\"http://www.w3.org/1999/xlink\">\n\n  <symbol id=\"icon-star\" width=\"14\" height=\"13\" viewBox=\"0 0 14 13\"><title>{{{lang 'common.star'}}}</title><path d=\"M6.65 2.26L5.492 4.605l-.233.472-.52.075-2.582.385 1.865 1.818.377.367-.09.518-.453 2.586 2.328-1.223.465-.245.465.245 2.32 1.235L8.99 8.24l-.09-.517.377-.367L11.15 5.53 8.56 5.152l-.52-.075-.233-.472L6.65 2.26zm2.056 1.904l4.594.667-3.325 3.242.785 4.576-4.11-2.16-4.11 2.16.785-4.576L0 4.832l4.595-.668L6.65 0l2.056 4.164z\" fill=\"currentColor\" fill-rule=\"evenodd\"/></symbol>\n\n  <symbol id=\"icon-star-full\" width=\"14\" height=\"13\" viewBox=\"0 0 14 13\"><title>{{{lang 'common.star'}}}</title><path d=\"M6.65 0l2.056 4.164 4.594.667-3.325 3.242.785 4.576-4.11-2.16-4.11 2.16.785-4.576L0 4.832l4.595-.668L6.65 0z\"  fill=\"currentColor\" fill-rule=\"evenodd\"/></symbol>\n\n</svg>\n"}
