{"components/social-media-links":"<ul class=\"footer-social-media\">\n  {{#each social_media}}\n\n    {{#if name \"==\" \"Pinterest\"}}\n      <li class=\"social-media-link\">\n        <a href=\"{{url}}\" title=\"{{name}}\" target=\"_blank\">\n          {{> svg/social/pinterest}}\n          <span class=\"social-media-name\">{{name}}</span>\n        </a>\n      </li>\n    {{/if}}\n\n    {{#if name \"==\" \"Facebook\"}}\n      <li class=\"social-media-link\">\n        <a href=\"{{url}}\" title=\"{{name}}\" target=\"_blank\">\n          {{> svg/social/facebook}}\n          <span class=\"social-media-name\">{{name}}</span>\n        </a>\n      </li>\n    {{/if}}\n\n    {{#if name \"==\" \"Twitter\"}}\n      <li class=\"social-media-link\">\n        <a href=\"{{url}}\" title=\"{{name}}\" target=\"_blank\">\n          {{> svg/social/twitter}}\n          <span class=\"social-media-name\">{{name}}</span>\n        </a>\n      </li>\n    {{/if}}\n\n    {{#if name \"==\" \"GooglePlus\"}}\n      <li class=\"social-media-link\">\n        <a href=\"{{url}}\" title=\"{{name}}\" target=\"_blank\">\n          {{> svg/social/googleplus}}\n          <span class=\"social-media-name\">{{name}}</span>\n        </a>\n      </li>\n    {{/if}}\n\n    {{#if name \"==\" \"Instagram\"}}\n      <li class=\"social-media-link\">\n        <a href=\"{{url}}\" title=\"{{name}}\" target=\"_blank\">\n          {{> svg/social/instagram}}\n          <span class=\"social-media-name\">{{name}}</span>\n        </a>\n      </li>\n    {{/if}}\n\n    {{#if name \"==\" \"YouTube\"}}\n      <li class=\"social-media-link\">\n        <a href=\"{{url}}\" title=\"{{name}}\" target=\"_blank\">\n          {{> svg/social/youtube}}\n          <span class=\"social-media-name\">{{name}}</span>\n        </a>\n      </li>\n    {{/if}}\n\n    {{#if name \"==\" \"Tumblr\"}}\n      <li class=\"social-media-link\">\n        <a href=\"{{url}}\" title=\"{{name}}\" target=\"_blank\">\n          {{> svg/social/tumblr}}\n          <span class=\"social-media-name\">{{name}}</span>\n        </a>\n      </li>\n    {{/if}}\n\n    {{#if name \"==\" \"StumbleUpon\"}}\n      <li class=\"social-media-link\">\n        <a href=\"{{url}}\" title=\"{{name}}\" target=\"_blank\">\n          {{> svg/social/stumbleupon}}\n          <span class=\"social-media-name\">{{name}}</span>\n        </a>\n      </li>\n    {{/if}}\n\n    {{#if name \"==\" \"RSS\"}}\n      <li class=\"social-media-link\">\n        <a href=\"{{url}}\" title=\"{{name}}\" target=\"_blank\">\n          {{> svg/social/rss}}\n          <span class=\"social-media-name\">{{name}}</span>\n        </a>\n      </li>\n    {{/if}}\n\n    {{#if name \"==\" \"LinkedIn\"}}\n      <li class=\"social-media-link\">\n        <a href=\"{{url}}\" title=\"{{name}}\" target=\"_blank\">\n          {{> svg/social/linkedin}}\n          <span class=\"social-media-name\">{{name}}</span>\n        </a>\n      </li>\n    {{/if}}\n\n  {{/each}}\n</ul>\n","svg/social/facebook":"<svg \n  xmlns=\"http://www.w3.org/2000/svg\"\n  width=\"8\"\n  height=\"16\"\n  viewBox=\"0 0 8 16\"\n  aria-label=\"Facebook\"\n  role=\"icon\">\n  <title>Facebook</title>\n  <path fill=\"currentColor\" fill-rule=\"evenodd\" d=\"M0 5.292h1.655V3.684c0-.71.018-1.803.532-2.48C2.73.487 3.474 0 4.755 0 6.842 0 7.72.297 7.72.297l-.412 2.45s-.69-.198-1.333-.198c-.644 0-1.22.23-1.22.87v1.87h2.638L7.21 7.685H4.754V16h-3.1V7.685H0V5.292\"/>\n</svg>\n","svg/social/googleplus":"<svg \n  xmlns=\"http://www.w3.org/2000/svg\"\n  width=\"21\"\n  height=\"14\"\n  viewBox=\"0 0 21 14\"\n  aria-label=\"Google Plus\"\n  role=\"icon\">\n  <title>Google Plus</title>\n  <path fill=\"currentColor\" fill-rule=\"evenodd\" d=\"M6.668 5.523v2.79h3.595c-.573 1.804-1.46 2.79-3.595 2.79-2.188 0-3.907-1.86-3.907-4.158 0-2.297 1.72-4.156 3.91-4.156 1.146 0 1.928.435 2.605 1.036.573-.6.52-.656 1.875-2.023C9.95.653 8.387 0 6.667 0 2.967 0 0 3.117 0 7s2.97 7 6.668 7c5.522 0 6.877-5.03 6.408-8.422H6.668v-.055zm11.93.22V3.28h-1.615v2.462h-2.397v1.696h2.397v2.515h1.615V7.438h2.344V5.742h-2.344z\"/>\n</svg>\n","svg/social/instagram":"<svg \n  xmlns=\"http://www.w3.org/2000/svg\"\n  width=\"16\"\n  height=\"16\"\n  viewBox=\"0 0 16 16\"\n  aria-label=\"LinkedIn\"\n  role=\"icon\">\n  <title>Instagram</title>\n  <path fill=\"currentColor\" fill-rule=\"evenodd\" d=\"M14.44 12.908c0 .846-.686 1.533-1.532 1.533H3.092c-.846 0-1.533-.683-1.533-1.53V6.36h2.384c-.206.506-.32 1.06-.32 1.64 0 2.413 1.96 4.376 4.373 4.376 2.41 0 4.373-1.963 4.373-4.375 0-.58-.115-1.132-.32-1.64h2.388v6.55zm-8.723-6.55C6.23 5.648 7.06 5.182 8 5.182s1.77.465 2.283 1.174c.334.463.534 1.03.534 1.643 0 1.55-1.265 2.813-2.817 2.813-1.552 0-2.816-1.264-2.816-2.816 0-.614.2-1.18.533-1.644zm8.078-4.514h.354v2.71l-2.708.01-.01-2.713 2.36-.003zM12.908 0H3.092C1.388 0 0 1.387 0 3.092v9.816C0 14.613 1.388 16 3.092 16h9.816C14.612 16 16 14.613 16 12.908V3.092C16 1.387 14.612 0 12.908 0z\"/>\n</svg>\n","svg/social/linkedin":"<svg\n  xmlns=\"http://www.w3.org/2000/svg\"\n  width=\"18\"\n  height=\"16\"\n  viewBox=\"0 0 18 16\"\n  aria-label=\"LinkedIn\"\n  role=\"icon\">\n  <title>LinkedIn</title>\n  <path fill=\"currentColor\" fill-rule=\"evenodd\" d=\"M17.425 16h-3.85v-5.625c0-1.472-.603-2.477-1.928-2.477-1.013 0-1.577.678-1.84 1.332-.098.235-.082.56-.082.888V16H5.91s.05-9.964 0-10.87h3.815v1.707c.225-.746 1.444-1.81 3.39-1.81 2.414 0 4.31 1.563 4.31 4.93V16zM2.05 3.77h-.023C.797 3.77 0 2.94 0 1.888 0 .813.82 0 2.075 0c1.253 0 2.023.81 2.048 1.884 0 1.053-.795 1.887-2.072 1.887zM.44 5.13h3.396V16H.44V5.13z\"/>\n</svg>\n","svg/social/pinterest":"<svg\n  xmlns=\"http://www.w3.org/2000/svg\"\n  width=\"16\"\n  height=\"16\"\n  viewBox=\"0 0 16 16\"\n  aria-label=\"Pinterest\"\n  role=\"icon\">\n  <title>Pinterest</title>\n  <path fill=\"currentColor\" fill-rule=\"evenodd\" d=\"M8 0C3.583 0 0 3.582 0 8c0 3.275 1.97 6.09 4.79 7.327-.023-.558-.004-1.23.138-1.837l1.03-4.36S5.7 8.62 5.7 7.866c0-1.185.688-2.07 1.543-2.07.727 0 1.08.546 1.08 1.2 0 .732-.468 1.826-.707 2.84-.2.85.425 1.54 1.262 1.54 1.516 0 2.536-1.946 2.536-4.253 0-1.753-1.18-3.065-3.328-3.065-2.426 0-3.938 1.81-3.938 3.83 0 .698.205 1.19.527 1.57.148.175.168.244.114.446l-.16.64c-.057.204-.22.277-.4.202-1.12-.457-1.64-1.68-1.64-3.057 0-2.274 1.914-5 5.715-5 3.055 0 5.065 2.212 5.065 4.583 0 3.14-1.743 5.483-4.316 5.483-.863 0-1.675-.466-1.954-.996 0 0-.464 1.844-.562 2.2-.17.616-.5 1.233-.805 1.713.72.212 1.48.328 2.267.328 4.418 0 8-3.58 8-8s-3.582-8-8-8\"/>\n</svg>\n","svg/social/rss":"<svg\n  xmlns=\"http://www.w3.org/2000/svg\"\n  width=\"16\"\n  height=\"16\"\n  viewBox=\"0 0 32 32\"\n  aria-label=\"StumbleUpon\"\n  role=\"icon\">\n  <title>RSS</title>\n  <path fill=\"currentColor\" fill-rule=\"evenodd\" d=\"M-.465 2.01S28.7.574 31 31.32h-5.89S26.26 8.907-.466 6.895V2.01zm0 10.203s17.098-.577 20.402 19.107h-5.89S13.33 19.684-.465 17.094v-4.88zm3.2 12.817c2.063 0 3.737 1.67 3.737 3.737 0 2.06-1.674 3.735-3.736 3.735C.672 32.502-1 30.83-1 28.767c0-2.065 1.672-3.737 3.736-3.737z\"/>\n</svg>\n","svg/social/stumbleupon":"<svg\n  xmlns=\"http://www.w3.org/2000/svg\"\n  width=\"16\"\n  height=\"16\"\n  viewBox=\"0 0 32 32\"\n  aria-label=\"StumbleUpon\"\n  role=\"icon\">\n  <title>StumbleUpon</title>\n  <path fill=\"currentColor\" fill-rule=\"evenodd\" d=\"M32 16c0 8.837-7.163 16-16 16S0 24.837 0 16 7.163 0 16 0s16 7.163 16 16zM15.997 9c-2.22 0-4.022 1.794-4.022 4.008v5.696c0 .524-.427.95-.953.95s-.952-.426-.952-.95v-2.532H7v2.637c0 2.21 1.8 4.003 4.022 4.003 2.222 0 4.022-1.794 4.022-4.008v-5.802c0-.524.427-.95.953-.95s.953.426.953.95v1.16l1.27.58 1.8-.58v-1.16c0-2.214-1.8-4.008-4.023-4.008zm.953 7.225v2.584c0 2.21 1.8 4.003 4.022 4.003 2.22 0 4.022-1.794 4.022-4.008v-2.532h-3.07v2.53c0 .526-.426.95-.952.95s-.953-.424-.953-.95V16.22l-1.8.58-1.27-.58z\"/>\n</svg>\n","svg/social/tumblr":"<svg\n  xmlns=\"http://www.w3.org/2000/svg\"\n  width=\"16\"\n  height=\"16\"\n  viewBox=\"0 0 32 32\"\n  aria-label=\"Tumblr\"\n  role=\"icon\">\n  <title>Tumblr</title>\n  <path fill=\"currentColor\" fill-rule=\"evenodd\" d=\"M23.853 25.56c-.595.283-1.733.53-2.583.552-2.56.07-3.058-1.8-3.08-3.155v-9.962h6.426V8.15h-6.402V0h-4.688c-.077 0-.212.067-.23.24C13.022 2.733 11.853 7.11 7 8.86v4.133h3.24V23.45c0 3.58 2.64 8.665 9.61 8.546 2.35-.04 4.963-1.026 5.542-1.874l-1.54-4.565\"/>\n</svg>\n","svg/social/twitter":"<svg\n  xmlns=\"http://www.w3.org/2000/svg\"\n  width=\"18\"\n  height=\"14\"\n  viewBox=\"0 0 18 14\"\n  aria-label=\"Twitter\"\n  role=\"icon\">\n  <title>Twitter</title>\n  <path fill=\"currentColor\" fill-rule=\"evenodd\" d=\"M17.228 1.657c-.633.28-1.315.472-2.03.557.73-.437 1.29-1.13 1.554-1.955-.683.4-1.438.693-2.245.85C13.863.43 12.944 0 11.927 0c-1.95 0-3.533 1.583-3.533 3.534 0 .277.03.546.09.805C5.548 4.19 2.944 2.78 1.2.64.894 1.17.72 1.777.72 2.422c0 1.227.625 2.31 1.573 2.94-.578-.014-1.124-.175-1.6-.44v.046c0 1.713 1.217 3.142 2.835 3.465-.296.083-.61.125-.93.125-.23 0-.45-.02-.667-.063.45 1.404 1.76 2.426 3.308 2.453-1.21.95-2.734 1.514-4.39 1.514-.285 0-.567-.016-.843-.05C1.565 13.416 3.425 14 5.42 14c6.502 0 10.056-5.385 10.056-10.055 0-.154-.003-.308-.01-.458.692-.5 1.292-1.12 1.764-1.83\"/>\n</svg>\n","svg/social/youtube":"<svg\n  xmlns=\"http://www.w3.org/2000/svg\"\n  width=\"20\"\n  height=\"14\"\n  viewBox=\"0 0 20 14\"\n  aria-label=\"YouTube\"\n  role=\"icon\">\n  <title>YouTube</title>\n  <path fill=\"currentColor\" fill-rule=\"evenodd\" d=\"M19.937 10.564V3.436S19.937 0 16.502 0H3.435S0 0 0 3.436v7.128S0 14 3.435 14h13.067s3.435 0 3.435-3.436M13.84 7.01l-6.53 3.833V3.176l6.53 3.834\"/>\n</svg>\n"}
