{"components/common/quantity":"{{!\n  Quantity Widget with Increment/Decrement controls.\n\n  @param product\n         cart.item or product object\n}}\n\n<div class=\"form-field form-field-quantity-control\" data-quantity-control=\"{{id}}\">\n  <label class=\"form-label\">\n    {{#unless nolabel}}\n      <span class=\"form-field-title\">Quantity</span>\n    {{/unless}}\n    <span class=\"form-field-control\">\n      <input\n        class=\"form-input qty-amount\"\n        type=\"number\"\n        name=\"qty{{#if product_id}}-{{id}}{{else}}[]{{/if}}\"\n        pattern=\"[0-9]*\"\n        value=\"{{#if quantity}}{{quantity}}{{else}}{{#if min_purchase_quantity}}{{min_purchase_quantity}}{{else}}1{{/if}}{{/if}}\"\n        min=\"{{#if min_purchase_quantity}}{{min_purchase_quantity}}{{else}}1{{/if}}\"\n        {{#if max_purchase_quantity}}max=\"{{max_purchase_quantity}}\"{{/if}}\n        data-quantity-control-input>\n      <span class=\"qty-decrement\"\n        data-quantity-control-action=\"decrement\">&ndash;</span>\n      <span class=\"qty-increment\"\n        data-quantity-control-action=\"increment\">&#43;</span></span>\n  </label>\n</div>\n","components/product/add-to-cart-form":"{{!--\n  Add To Cart Form -- As displayed within a full product page.\n--}}\n\n<form\n  class=\"form add-to-cart-form{{#unless quickshop}}-full{{/unless}}\"\n  method=\"post\"\n  action=\"{{product.cart_url}}\"\n  enctype=\"multipart/form-data\"\n  data-product-options-count=\"{{product.options.length}}\"\n  data-cart-item-add>\n  <input type=\"hidden\" name=\"action\" value=\"add\">\n  <input type=\"hidden\" name=\"product_id\" value=\"{{product.id}}\" data-product-id>\n\n  <div data-product-option-change>\n    {{#if product.options}}\n      {{#each product.options}}\n        {{{dynamicComponent 'core/forms/options'}}}\n      {{/each}}\n    {{/if}}\n\n    {{#if product.customizations}}\n      {{#each product.customizations}}\n        {{{dynamicComponent 'core/forms/customizations'}}}\n      {{/each}}\n    {{/if}}\n\n    {{#if product.event_date}}\n      {{> core/products/event}}\n    {{/if}}\n\n    {{#if product.can_purchase}}\n      {{> components/common/quantity product}}\n    {{/if}}\n  </div>\n\n  <div class=\"product-cart-messages\">\n    <div data-product-cart-message>{{!-- Add to cart alerts --}}</div>\n    {{#if product.can_purchase}}\n      <div data-product-option-message>{{!-- Product option change alerts --}}</div>\n    {{/if}}\n  </div>\n\n  <div class=\"form-field add-to-cart-buttons\" data-product-add>\n\n    {{#if product.can_purchase}}\n      {{#if product.pre_order}}\n        <input class=\"button button-inverted\" type=\"submit\" value=\"{{lang 'product.pre_order'}}\" data-button-purchase data-button-preorder>\n      {{else}}\n        <input class=\"button button-inverted\" type=\"submit\" value=\"{{lang 'product.add_to_cart'}}\" data-button-purchase>\n      {{/if}}\n    {{else}}\n      {{#if product.out_of_stock}}\n        <div class=\"button button-inverted button-disabled\">\n          {{lang 'product.sold_out'}}\n        </div>\n      {{/if}}\n    {{/if}}\n\n    {{#if settings.show_wishlist}}\n      <a class=\"button button-inverted button-square\" href=\"{{product.add_to_wishlist_url}}\">{{> svg/heart}}</a>\n      <span class=\"spinner\"></span>\n    {{/if}}\n\n  </div>\n</form>\n","core/forms/customizations/checkbox":"\n<div class=\"form-field form-field-customizations form-field-checkbox{{#if required}} form-required{{/if}}\">\n  <label class=\"form-label\">\n    <span class=\"form-field-control\">\n      <input class=\"form-input form-checkbox\"\n        id=\"product-field-{{id}}\"\n        name=\"ProductFields[{{this.id}}]\"\n        type=\"checkbox\"\n        {{#if value}}checked{{/if}}\n        {{#if required}}required{{/if}}\n        aria-required=\"{{required}}\">\n      <span class=\"form-label-text product-customization-text\">\n        {{display_name}}\n        {{#if required}}<span class=\"required-text\">{{lang 'common.required'}}</span>{{/if}}\n      </span>\n    </span>\n  </label>\n</div>\n","core/forms/customizations/file":"\n<div class=\"form-field form-field-customizations form-field-file {{#if required}}form-required{{/if}}\">\n  <label class=\"form-label\">\n    <span class=\"form-field-title\">\n      {{display_name}}\n      {{#if required}}<span class=\"required-text\">{{lang 'common.required'}}</span>{{/if}}\n    </span>\n    <span class=\"form-field-control\">\n      <span class=\"form-file-wrapper\" data-button-label=\"{{lang 'core.account.products.upload'}}\">\n        <input\n          class=\"form-input form-file\"\n          id=\"product-fields-{{id}}\"\n          name=\"ProductFields[{{this.id}}]\"\n          type=\"file\"\n          {{#if required}}required{{/if}}\n          aria-required=\"{{required}}\">\n      </span>\n    </span>\n  </label>\n\n  {{#if file_types '!==' ''}}\n    <span class=\"form-file-types\">{{lang 'core.account.products.filetypes' file_types=file_types}}</span>\n  {{/if}}\n\n  <span class=\"form-file-size\">{{lang 'core.account.products.max_filesize' bytes=file_size}}</span>\n</div>\n","core/forms/customizations/select":"\n<div class=\"form-field form-field-customizations form-field-select{{#if required}} form-required{{/if}}\">\n  <label class=\"form-label\">\n    <span class=\"form-field-title\">\n      {{display_name}}\n      {{#if required}}<span class=\"required-text\">{{lang 'common.required'}}</span>{{/if}}\n    </span>\n    <span class=\"form-field-control\">\n      <span class=\"form-select-wrapper\">\n        <select\n          class=\"form-input input-select\"\n          id=\"product-fields-{{id}}\"\n          name=\"ProductFields[{{this.id}}]\"\n          {{#if required}}required{{/if}}\n          aria-required=\"{{required}}\">\n          <option value=\"\" {{#any values selected=true}}{{else}}selected{{/any}} disabled>{{lang 'product.pick_one'}}</option>\n          {{#each values}}\n            <option value=\"{{this}}\" {{#if selected}}selected{{/if}}>{{this}}</option>\n          {{/each}}\n        </select>\n      </span>\n    </span>\n  </label>\n</div>\n","core/forms/customizations/text":"\n<div class=\"form-field form-field-customizations form-field-text{{#if required}} form-required{{/if}}\">\n  <label class=\"form-label\" for=\"product-fields-{{id}}\">\n    <span class=\"form-field-title\">\n      {{display_name}}\n      {{#if required}}<span class=\"required-text\">{{lang 'common.required'}}</span>{{/if}}\n    </span>\n    <span class=\"form-field-control\">\n      <input class=\"form-input\"\n        id=\"product-fields-{{id}}\"\n        name=\"ProductFields[{{this.id}}]\"\n        type=\"text\"\n        placeholder=\"{{prefill}}\"\n        value=\"{{value}}\"\n        {{#if required}}required{{/if}}\n        aria-required=\"{{required}}\">\n    </span>\n  </label>\n</div>\n","core/forms/customizations/textarea":"\n<div class=\"form-field form-field-customizations form-field-textarea{{#if required}} form-required{{/if}}\">\n  <label class=\"form-label\">\n    <span class=\"form-field-title\">\n      {{display_name}}:\n      {{#if required}}<span class=\"required-text\">{{lang 'common.required'}}</span>{{/if}}\n    </span>\n    <span class=\"form-field-control\">\n      <textarea\n        class=\"form-input\"\n        id=\"product-fields-{{id}}\"\n        name=\"ProductFields[{{this.id}}]\"\n        rows=\"4\"\n        placeholder=\"{{prefill}}\"\n        {{#if required}}required{{/if}}\n        aria-required=\"{{required}}\"></textarea>\n    </span>\n  </label>\n</div>\n","core/forms/options/date":"<div class=\"form-field form-field-options form-field-date{{#if required}} form-required{{/if}}\"\n  data-product-attribute=\"date\">\n  <span class=\"form-label\">\n\n    <span class=\"form-field-title\">\n      {{display_name}}\n      {{#if required}}<span class=\"required-text\">{{lang 'common.required'}}</span>{{/if}}\n    </span>\n\n    <span class=\"form-field-control\">\n      <span class=\"form-select-wrapper form-date-year\">\n        <select class=\"form-input form-select\" name=\"attribute[{{id}}][year]\" {{#if required}}required{{/if}} aria-required=\"{{required}}\">\n          <option disabled>{{lang 'forms.date.year'}}</option>\n          {{#if earliest_year '===' latest_year}}\n            <option value=\"{{earliest_year}}\" selected=\"selected\">{{earliest_year}}</option>\n          {{else}}\n            {{#for earliest_year latest_year}}\n              <option value=\"{{$index}}\" {{#if ../selected_date.year '==' $index}}selected=\"selected\"{{/if}}>{{$index}}</option>\n            {{/for}}\n          {{/if}}\n        </select>\n      </span>\n\n      <span class=\"form-select-wrapper form-date-month\">\n        <select class=\"form-input form-select\" name=\"attribute[{{id}}][month]\" {{#if required}}required{{/if}} aria-required=\"{{required}}\">\n          <option disabled>{{lang 'forms.date.month'}}</option>\n          {{#for 1 12}}\n            <option value=\"{{$index}}\" {{#if ../selected_date.month '==' $index}}selected=\"selected\"{{/if}}>{{getShortMonth $index}}</option>\n          {{/for}}\n        </select>\n      </span>\n\n      <span class=\"form-select-wrapper form-date-day\">\n        <select class=\"form-input form-select\" name=\"attribute[{{id}}][day]\" {{#if required}}required{{/if}} aria-required=\"{{required}}\">\n          <option disabled>{{lang 'forms.date.day'}}</option>\n          {{#for 1 31}}\n            <option value=\"{{$index}}\" {{#if ../selected_date.day '==' $index}}selected=\"selected\"{{/if}}>{{$index}}</option>\n          {{/for}}\n        </select>\n        </span>\n    </span>\n\n  </span>\n</div>\n","core/forms/options/input-checkbox":"\n<div class=\"form-field form-field-options form-field-checkbox{{#if required}} form-required{{/if}}\"\n  data-product-attribute=\"input-checkbox\">\n  <div class=\"form-field-title\">\n    {{display_name}}\n    {{#if required}}<span class=\"required-text\">{{lang 'common.required'}}</span>{{/if}}\n  </div>\n\n  <div class=\"form-field-control\">\n    <label class=\"form-label {{class}}\">\n      <input\n        class=\"form-input form-checkbox\"\n        id=\"attribute-{{id}}\"\n        name=\"attribute[{{id}}]\"\n        type=\"checkbox\"\n        value=\"{{value}}\"\n        {{#if checked}}checked{{/if}}\n        {{#if required}}required{{/if}}\n        aria-required=\"{{required}}\">\n      <span class=\"form-label-text\">{{label}}</span>\n    </label>\n  </div>\n</div>\n","core/forms/options/input-file":"\n<div class=\"form-field form-field-options form-field-file {{#if required}}form-required{{/if}}\"\n  data-product-attribute=\"input-file\">\n  <label class=\"form-label\">\n    <span class=\"form-field-title\">\n      {{display_name}}\n      {{#if required}}<span class=\"required-text\">{{lang 'common.required'}}</span>{{/if}}\n    </span>\n    <span class=\"form-field-control\">\n      <span class=\"form-file-wrapper\" data-button-label=\"{{lang 'core.account.products.upload'}}\">\n        <input\n          class=\"form-input form-file\"\n          id=\"attribute-{{id}}\"\n          name=\"attribute[{{id}}]\"\n          type=\"file\"\n          {{#if required}}required{{/if}}\n          aria-required=\"{{required}}\">\n      </span>\n    </span>\n  </label>\n\n  {{#if file_types '!==' ''}}\n    <span class=\"form-file-types\">{{lang 'core.account.products.filetypes' file_types=file_types}}</span>\n  {{/if}}\n\n  <span class=\"form-file-size\">{{lang 'core.account.products.max_filesize' bytes=file_size}}</span>\n</div>\n","core/forms/options/input-numbers":"\n<div class=\"form-field form-field-options form-field-number{{#if required}} form-required{{/if}}\"\n data-product-attribute=\"input-number\">\n  <label class=\"form-label\">\n    <span class=\"form-field-title\">\n      {{display_name}}\n      {{#if required}}<span class=\"required-text\">{{lang 'common.required'}}</span>{{/if}}\n    </span>\n    <span class=\"form-field-control\">\n      <input class=\"form-input\" id=\"attribute-{{id}}\" name=\"attribute[{{id}}]\" type=\"number\" value=\"{{prefill}}\" {{#if required}}required{{/if}} aria-required=\"{{required}}\">\n    </span>\n  </label>\n</div>\n","core/forms/options/input-text":"\n<div class=\"form-field form-field-options form-field-text{{#if required}} form-required{{/if}}\"\n  data-product-attribute=\"input-text\">\n  <label class=\"form-label\">\n    <span class=\"form-field-title\">\n      {{display_name}}\n      {{#if required}}<span class=\"required-text\">{{lang 'common.required'}}</span>{{/if}}\n    </span>\n    <span class=\"form-field-control\">\n      <input class=\"form-input\"\n        id=\"attribute-{{id}}\"\n        name=\"attribute[{{id}}]\"\n        type=\"text\"\n        placeholder=\"{{prefill}}\"\n        value=\"\"\n        {{#if required}}required{{/if}}\n        aria-required=\"{{required}}\">\n    </span>\n  </label>\n</div>\n","core/forms/options/product-list":"\n<div class=\"form-field form-field-options form-field-product-list{{#if required}} form-required{{/if}}\"\n  data-product-attribute=\"product-list\">\n  <div class=\"form-field-title\">\n    {{display_name}}\n    {{#if required}}<span class=\"required-text\">{{lang 'common.required'}}</span>{{/if}}\n  </div>\n\n  <div class=\"form-field-control\">\n    {{#unless values.0.image}}\n      {{!-- same as radio buttons if no image set --}}\n      {{#each values}}\n        <label class=\"form-label\" data-product-attribute-value=\"{{id}}\">\n          <input\n            class=\"form-input form-radio\"\n            name=\"attribute[{{../id}}]\"\n            type=\"radio\"\n            value=\"{{id}}\"\n            {{#if selected}}checked{{/if}}\n            {{#if ../required}}required{{/if}}\n            aria-required=\"{{required}}\">\n          <span class=\"form-label-text\">{{label}}</span>\n        </label>\n      {{/each}}\n      {{#unless required}}\n        <label class=\"form-label\">\n          <input\n            class=\"form-input form-radio\"\n            name=\"attribute[{{id}}]\"\n            type=\"radio\"\n            value=\"0\"\n            {{#if prefill '==' 0}}checked{{/if}}\n            {{#if ../required}}required{{/if}}\n            aria-required=\"{{required}}\">\n          <span class=\"form-label-text\">{{lang 'product.none'}}</span>\n        </label>\n      {{/unless}}\n    {{else}}\n      {{#each values}}\n        <label class=\"form-label product-picklist-item\" data-product-attribute-value=\"{{id}}\">\n          <input\n            class=\"form-input form-radio product-picklist-radio\"\n            name=\"attribute[{{../id}}]\"\n            type=\"radio\" value=\"{{id}}\"\n            {{#if selected}}checked{{/if}}\n            {{#if ../required}}required{{/if}}\n            aria-required=\"{{required}}\">\n          <span class=\"product-picklist-item-body\">\n            <span class=\"product-picklist-image-wrap\">\n              <img class=\"product-picklist-image\" src=\"{{getImage image 'core-product-picklist' (cdn ../theme_settings.default_image)}}\" alt=\"{{image.alt}}\">\n            </span>\n            <span class=\"product-picklist-label-text form-label-text\">{{label}}</span>\n          </span>\n        </label>\n      {{/each}}\n      {{#unless required}}\n        <label class=\"form-label product-picklist-item\">\n          <input\n            class=\"form-input form-radio product-picklist-radio\"\n            name=\"attribute[{{id}}]\"\n            type=\"radio\"\n            value=\"0\"\n            {{#if prefill '==' 0}}checked{{/if}}>\n          <span class=\"product-picklist-item-body picklist-none\">\n            <span class=\"product-picklist-label-text form-label-text\">{{lang 'product.none'}}</span>\n          </span>\n        </label>\n      {{/unless}}\n    {{/unless}}\n  </div>\n</div>\n","core/forms/options/set-radio":"\n<div class=\"form-field form-field-options form-field-radio{{#if required}} form-required{{/if}}\"\n  data-product-attribute=\"set-radio\">\n  <div class=\"form-field-title product-option-title\">\n    {{display_name}}\n    {{#if required}}<span class=\"required-text\">{{lang 'common.required'}}</span>{{/if}}\n  </div>\n  <div class=\"form-field-control\">\n    {{#each values}}\n      <label class=\"form-label\" data-product-attribute-value=\"{{id}}\">\n        <input\n          class=\"form-input form-radio\"\n          id=\"attribute-{{id}}\"\n          name=\"attribute[{{../id}}]\"\n          type=\"radio\"\n          value=\"{{id}}\"\n          {{#if selected}}checked{{/if}}\n          {{#if ../required}}required{{/if}}\n          aria-required=\"{{required}}\">\n        <span class=\"form-label-text\">{{label}}</span>\n      </label>\n    {{/each}}\n  </div>\n</div>\n","core/forms/options/set-rectangle":"\n<div class=\"form-field form-field-options form-field-rectangle{{#if required}} form-required{{/if}}\"\n  data-product-attribute=\"set-rectangle\">\n  <div class=\"form-field-title\">\n    {{display_name}}\n    {{#if required}}<span class=\"required-text\">{{lang 'common.required'}}</span>{{/if}}\n  </div>\n  <div class=\"form-field-control\">\n    {{#each values}}\n      <label class=\"form-label rectangle\" data-product-attribute-value=\"{{id}}\">\n        <input\n          class=\"form-input form-rectangle\"\n          name=\"attribute[{{../id}}]\"\n          id=\"attribute-{{id}}\"\n          type=\"radio\"\n          value=\"{{id}}\"\n          {{#if selected}}checked{{/if}}\n          {{#if ../required}}required{{/if}}\n          aria-required=\"{{required}}\">\n        <span class=\"rectangle-text form-label-text\">{{label}}</span>\n      </label>\n    {{/each}}\n  </div>\n</div>\n","core/forms/options/set-select":"\n<div class=\"form-field form-field-options form-field-select{{#if required}} form-required{{/if}}\"\n  data-product-attribute=\"set-select\">\n  <label class=\"form-label\">\n    <span class=\"form-field-title\">\n      {{display_name}}\n      {{#if required}}<span class=\"required-text\">{{lang 'common.required'}}</span>{{/if}}\n    </span>\n    <span class=\"form-field-control\">\n      <div class=\"form-select-wrapper\">\n        <select\n          class=\"form-input form-select\"\n          id=\"attribute-{{id}}\"\n          name=\"attribute[{{id}}]\"\n          {{#if ../required}}required{{/if}}\n          aria-required=\"{{required}}\">\n          <option value=\"\" {{#any values selected=true}}{{else}}selected{{/any}} disabled>{{lang 'product.pick_one'}}</option>\n          {{#each values}}\n            <option value=\"{{id}}\" {{#if selected}}selected{{/if}} data-product-attribute-value=\"{{id}}\">{{label}}</option>\n          {{/each}}\n        </select>\n      </div>\n    </span>\n  </label>\n</div>\n","core/forms/options/swatch":"\n<div class=\"form-field form-field-options form-field-swatch{{#if required}} form-required{{/if}}\"\n  data-swatch-selector\n  data-product-attribute=\"swatch\">\n  <div class=\"form-field-title\">\n    {{display_name}}\n    <span class=\"swatch-value\" data-swatch-value>{{lang 'forms.swatches_none_selected'}}</span>\n    {{#if required}}<span class=\"required-text\">{{lang 'common.required'}}</span>{{/if}}\n  </div>\n\n  <div class=\"form-field-control\">\n    {{#each values}}\n      <label class=\"swatch-wrap\" data-swatch-value=\"{{label}}\" data-product-attribute-value=\"{{id}}\">\n        <span class=\"form-label-text\">{{label}}</span>\n\n        <input\n          class=\"form-input swatch-radio\"\n          id=\"attribute-{{id}}\"\n          type=\"radio\"\n          name=\"attribute[{{../id}}]\"\n          value=\"{{id}}\"\n          {{#if selected}}checked{{/if}}\n          {{#if ../required}}required{{/if}}\n          aria-required=\"{{required}}\">\n\n        <span class=\"swatch {{#if data.[1]}}two-colors{{/if}}{{#if data.[2]}} three-colors{{/if}}\">\n          {{#if pattern}}\n            <span class=\"swatch-color swatch-pattern\" style=\"background-image: url('{{getImage image 'core-swatch'}}');\"></span>\n          {{/if}}\n\n          {{#if data.[0]}}\n            <span class=\"swatch-color\" style=\"background-color: #{{data.[0]}}\"></span>\n          {{/if}}\n\n          {{#if data.[1]}}\n            <span class=\"swatch-color secondary\" style=\"background-color: #{{data.[1]}}\"></span>\n          {{/if}}\n\n          {{#if data.[2]}}\n            <span class=\"swatch-color tertiary\" style=\"background-color: #{{data.[2]}}\"></span>\n          {{/if}}\n        </span>\n\n        {{#if pattern}}\n          <span class=\"swatch-pattern-expanded\">\n            <img class=\"swatch-pattern-image\" src=\"{{getImage image 'core-swatch'}}\">\n          </span>\n        {{/if}}\n\n      </label>\n    {{/each}}\n  </div>\n\n</div>\n","core/forms/options/textarea":"\n<div class=\"form-field form-field-options form-field-textarea{{#if required}} form-required{{/if}}\"\n  data-product-attribute=\"textarea\">\n  <label class=\"form-label\">\n    <span class=\"form-field-title\">\n      {{display_name}}\n      {{#if required}}<span class=\"required-text\">{{lang 'common.required'}}</span>{{/if}}\n    </span>\n    <span class=\"form-field-control\">\n      <textarea\n        class=\"form-input\"\n        id=\"attribute-{{id}}\"\n        name=\"attribute[{{id}}]\"\n        rows=\"4\"\n        placeholder=\"{{prefill}}\"\n        {{#if required}}required{{/if}}\n        aria-required=\"{{required}}\"></textarea>\n    </span>\n  </label>\n</div>\n","core/products/event":"<div class=\"form-field form-field-date form-required\">\n  <span class=\"form-label\">\n\n    <span class=\"form-field-title\">\n      {{product.event_date.name}}\n      <span class=\"required-text\">{{lang 'common.required'}}</span>\n    </span>\n\n    <span class=\"form-field-control\">\n      <span class=\"form-select-wrapper form-date-year\">\n        <select class=\"form-input form-select\" name=\"EventDate[Yr]\" required>\n          <option disabled selected>{{lang 'forms.date.year'}}</option>\n          {{#if product.event_date.earliest_year '==' product.event_date.latest_year}}\n            <option value=\"{{product.event_date.earliest_year}}\">{{product.event_date.earliest_year}}</option>\n          {{else}}\n            {{#for product.event_date.earliest_year product.event_date.latest_year}}\n              <option value=\"{{$index}}\">{{$index}}</option>\n            {{/for}}\n          {{/if}}\n        </select>\n      </span>\n\n      <span class=\"form-select-wrapper form-date-month\">\n        <select class=\"form-input form-select\" name=\"EventDate[Mth]\" required>\n          <option disabled>{{lang 'forms.date.month'}}</option>\n          {{#for 1 12}}\n            <option value=\"{{$index}}\">{{getShortMonth $index}}</option>\n          {{/for}}\n        </select>\n      </span>\n\n      <span class=\"form-select-wrapper form-date-day\">\n        <select class=\"form-input form-select\" name=\"EventDate[Day]\" required>\n          <option disabled>{{lang 'forms.date.day'}}</option>\n          {{#for 1 31}}\n            <option value=\"{{$index}}\">{{$index}}</option>\n          {{/for}}\n        </select>\n      </span>\n    </span>\n\n  </span>\n\n  {{#if product.event_date.date_start}}\n    {{#if product.event_date.date_end}}\n      <span class=\"product-event-bounds\">{{lang 'forms.date.bounds' start_date=product.event_date.date_start end_date=product.event_date.date_end}}</span>\n    {{/if}}\n  {{/if}}\n</div>\n","svg/heart":"<svg xmlns=\"http://www.w3.org/2000/svg\" preserveAspectRatio=\"xMidYMid\" width=\"17\" height=\"15\" viewBox=\"0 0 17 15\" aria-label=\"{{lang 'account.wishlists.heading'}}\" role=\"icon\">\n  <title>{{{lang 'account.wishlists.heading'}}}</title>\n  <path d=\"M8.496 3.263C6.296-1.94.04-.727 0 5.313-.024 8.51 8.51 14.99 8.51 14.99S17.022 8.458 17 5.277c-.04-6.054-6.404-7.01-8.504-2.014z\" id=\"path-1\" class=\"cls-2\" fill-rule=\"evenodd\"/>\n</svg>\n"}
