{"en":"{\n  \"header\": {\n    \"logged_in_as\": \"Logged in as {name}\",\n    \"log_out\": \"Log out\",\n    \"log_in\": \"Log in\",\n    \"sign_up\": \"Sign up\",\n    \"view_cart\": \"View cart\",\n    \"search\": \"Search\",\n    \"all\": \"All\",\n    \"menu\": \"Menu\"\n  },\n  \"search\": {\n    \"heading\": \"{count} results for\",\n    \"quick_count\": \"{ count, plural, one {# result} other {# results} } for '{ search_query }'\",\n    \"title\": \"Search\",\n    \"placeholder\": \"Type and hit enter...\",\n    \"results\": {\n      \"no_results\": \"There are no products to display. Try our search instead.\",\n      \"tab_products\": \"Products\",\n      \"tab_other\": \"News & Information\"\n    }\n  },\n  \"home\": {\n    \"heading\": \"Home\",\n    \"new_products\": \"New Products\",\n    \"featured_products\": \"Featured Products\",\n    \"top_sellers_products\": \"Our Bestsellers\",\n    \"collections_cta\": \"Shop {category}\"\n  },\n  \"blog\": {\n    \"recent_posts\": \"Recent Posts\",\n    \"label\": \"Blog\",\n    \"read_more\": \"Read More\",\n    \"back_to\": \"Back to {blog-name}\",\n    \"posted_by\": \"Posted by: <span>{author}</span>\"\n  },\n  \"page_errors\": {\n    \"forbidden\": {\n      \"message\": \"403 Error - You do not have permission to access this page.\",\n      \"page_heading\": \"Forbidden\"\n    },\n    \"page_not_found\": {\n      \"message\": \"404 Error - Uh oh, looks like the page you are looking for has moved or no longer exists.\",\n      \"page_heading\": \"Page not found\"\n    },\n    \"server_error\": {\n      \"message\": \"Store is currently unavailable, please try again in a few minutes.\",\n      \"page_heading\": \"Something Went Wrong...\"\n    }\n  },\n  \"gift_certificate\": {\n    \"heading\": \"Gift Certificates\",\n    \"purchase\": {\n      \"title\": \"Purchase\",\n      \"heading\": \"Purchase Gift Certificate\",\n      \"validation_error\": {\n        \"amount\": \"You must enter a certificate amount between {min} and {max}.\",\n        \"to_name\": \"You must enter a valid recipient name.\",\n        \"to_email\": \"You must enter a valid recipient email.\",\n        \"from_name\": \"You must enter your name.\",\n        \"from_email\": \"You must enter a valid email.\",\n        \"certificate_theme\": \"You must select a gift certificate theme.\",\n        \"agree\": \"You must agree to these terms.\"\n      }\n    },\n    \"redeem\": {\n      \"title\": \"Redeem\",\n      \"heading\": \"Redeem Gift Certificate\",\n      \"intro\": \"To redeem a gift certificate at {store_name}, follow the simple steps below.\",\n      \"item1\": \"You need your unique gift certificate code, which is part of the gift certificate that was emailed to you as an attachment. It will look something like Z50-Y6K-COS-402.\",\n      \"item2\": \"Browse the store and add items to your cart as you normally would.\",\n      \"item3\": \"Click the '<a class='hyperlink' href=\\\"{cart_url}\\\">View Cart</a>' link to view the contents of your shopping cart.\",\n      \"item4\": \"Type your gift certificate code in to the 'Redeem Gift Certificate' box and click 'Go'.\"\n    },\n    \"balance\": {\n      \"title\": \"Balance\",\n      \"heading\": \"Check Gift Certificate Balance\",\n      \"intro\": \"You can check the balance of a gift certificate by typing the code in to the box below.\"\n    }\n  },\n  \"cart\": {\n    \"title\": \"Shopping Cart\",\n    \"title_empty\": \"No items...\",\n    \"quantity\": \"Quantity\",\n    \"qty\": \"Qty: {count}\",\n    \"sub_total\": \"Subtotal:\",\n    \"grand_total\": \"Total:\",\n    \"update\": \"Update\",\n    \"discount\": \"Discount\",\n    \"checkout\": \"Checkout\",\n    \"empty_cart\": \"Your shopping cart is empty.\",\n    \"view_cart\": \"View Cart\",\n    \"keep_shopping\": \"Keep Shopping\",\n    \"order\": {\n      \"complete_header\": \"Order Complete\",\n      \"complete_message\": \"Your order is complete. How awesome is that!\"\n    },\n    \"remove\": \"Remove Item\",\n    \"coupon_codes\": {\n      \"label\": \"Coupon: {code}\",\n      \"remove\": \"Remove\",\n      \"coupon_code\": \"Coupon Code\",\n      \"add_code\": \"Add Code\",\n      \"change_code\": \"Change\",\n      \"enter_code\": \"Enter the coupon code in the box below and click 'Apply'.\",\n      \"submit\": \"Apply\",\n      \"error\": \"Please enter your coupon code.\"\n    },\n    \"gift_certificates\": {\n      \"add_code\": \"Add Certificate\",\n      \"gift_certificate\": \"Gift Certificate\",\n      \"label\": \"({code})\",\n      \"remaining\": \"(Remaining: {value})\",\n      \"enter_code\": \"Enter the gift card code in the box below and click 'Apply'.\",\n      \"error\": \"Please enter your valid certificate code.\",\n      \"remove\": \"Remove\",\n      \"submit\": \"Apply\"\n    },\n    \"shipping_calculator\": {\n      \"title\": \"Postage + Packaging\",\n      \"add_info\": \"Add Info\",\n      \"select_a_country\": \"Country\",\n      \"select_a_state\": \"State/Province\",\n      \"shipping_methods\": \"Shipping Methods\",\n      \"estimate_shipping\": \"Calculate\",\n      \"estimated_shipping\": \"Postage + packaging:\",\n      \"recalculate_shipping\": \"Recalculate\",\n      \"zip_postal_code\": \"Zip/Postcode\",\n      \"select\": \"Select\",\n      \"error\": \"Error\"\n    },\n    \"gift_wrapping\": {\n      \"title\": \"Giftwrapping\",\n      \"gift_wrap\": \"Gift wrap: {wrap}\",\n      \"message\": \"Message: {type}\",\n      \"add\": \"Add gift wrapping\",\n      \"change\": \"Change\",\n      \"remove\": \"Remove\",\n      \"gift_message\": \"Your message\",\n      \"choose_how\": \"Please choose how you'd like to have this item gift wrapped.\",\n      \"preview\": \"(Preview)\",\n      \"remove_confirm\": \"Are you sure you want to remove the gift wrap option from this item?\",\n      \"option_same\": \"Wrap each of these using the same wrapping option\",\n      \"option_different\": \"I'd like to gift wrap each item separately\",\n      \"item_single\": \"Wrap: {name}\",\n      \"item_multiple\": \"Item {index}: {name}\",\n      \"choose_type\": \"Select wrapping option\"\n    }\n  },\n  \"common\": {\n    \"sitemap\": {\n      \"title\": \"Links\",\n      \"view_all\": \"View all\",\n      \"home\": \"Home\",\n      \"cart\": \"Cart\",\n      \"search\": \"Search\",\n      \"login\": \"Login\",\n      \"account\": \"Account\",\n      \"logout\": \"Logout\",\n      \"giftcard_purchase\": \"Purchase Giftcard\",\n      \"giftcard_balance\": \"Check Gift Balance\"\n    },\n    \"pagination\": {\n      \"previous\": \"prev\",\n      \"next\": \"next\"\n    },\n    \"sorter\": {\n      \"sort_by\": \"Sort by\",\n      \"featured\": \"Featured\",\n      \"newest\": \"Newest\",\n      \"top_sellers\": \"Best Selling\",\n      \"alpha_asc\": \"A - Z\",\n      \"alpha_desc\": \"Z - A\",\n      \"reviews\": \"Reviews\",\n      \"price_asc\": \"Price: Low to High\",\n      \"price_desc\": \"Price: High to Low\"\n    },\n    \"compare\": {\n      \"clear_compare\": \"Clear Compare\",\n      \"title\": \"Compare\",\n      \"one_item\": \"Select items to compare...\",\n      \"items\": \"Comparing *num* items\",\n      \"availability_header\": \"Availability\",\n      \"description_header\": \"Item Description\",\n      \"not_avail\": \"No data available\",\n      \"remove_item\": \"Remove Item\"\n    },\n    \"modals\": {\n      \"close\": \"Close\"\n    },\n    \"filter\": \"Filter\",\n    \"star\": \"Star\",\n    \"back_to_shopping\": \"Back to '*name*'\",\n    \"read_more\": \"Read More\",\n    \"menu\": \"menu\",\n    \"checkbox\": \"Checkbox\",\n    \"required\": \"*\",\n    \"wishlist\": \"Wishlist\",\n    \"currency_converter\": \"Curr :\",\n    \"quickview\": \"Quickview\",\n    \"view_full\": \"View full details\",\n    \"more\": \"more\",\n    \"find_us\": \"Where to find us\",\n    \"follow_us\": \"Find us on\",\n    \"form_submit\": \"Submit\",\n    \"form_cancel\": \"Cancel\",\n    \"share\": \"Share this\",\n    \"sitemap_title\": \"Sitemap\",\n    \"prices_are_in\": \"Prices are in {CODE}\",\n    \"X_results\": \"{ total, plural, one {# result} other {# results} }\",\n    \"displaying_X_results\": \"Showing {total} results\",\n    \"displaying_X_results_of\": \"Displaying {start} to {finish} of {total}\",\n    \"footer_message\": \"Exhibit theme by <a href='http://pixelunion.net' target='_blank'>Pixel Union</a>. Powered by <a href='http://bigcommerce.com' target='_blank' rel='nofollow'>BigCommerce</a>\",\n    \"copyright\": \"&copy; Copyright \",\n    \"newsletter\": {\n      \"heading\": \"Subscribe to our newsletter\",\n      \"submit\": \"Join\",\n      \"email_placeholder\": \"Email\",\n      \"subscribed_heading\": \"You're subscribed!\",\n      \"subscribed_message\": \"Thanks for your subscription. Keep an eye out for new emails from us soon.\",\n      \"subscribed_heading_error\": \"Subscription Error\",\n      \"unsubscribed_heading\": \"Unsubscribed!\",\n      \"unsubscribed_message\": \"You will no longer receive marketing emails from <b>{store_name}</b>\"\n    }\n  },\n  \"category\": {\n    \"title\": \"Category\",\n    \"label\": \"Categories\",\n    \"empty\": \"There are no products in this category.\"\n  },\n  \"brand\": {\n    \"label\": \"Brands\",\n    \"view_brands\": \"View all brands\",\n    \"empty\": \"There are no products with this brand.\"\n  },\n  \"faceted_search\": {\n    \"clear\": \"Clear\",\n    \"max_price\": \"max.\",\n    \"min_price\": \"min.\",\n    \"show_more\": \"Show more\",\n    \"show_less\": \"Show less\",\n    \"update\": \"Update\",\n    \"refine\": \"Refine By\"\n  },\n  \"unfaceted_search\": {\n    \"shop_by_price\": \"Shop by price\",\n    \"shop_by_brand\": \"Shop by brand\"\n  },\n  \"page\": {\n    \"label\": \"Quick Links\"\n  },\n  \"contact\": {\n    \"full_name\": \"Full Name:\",\n    \"full_name_placeholder\": \"Enter your name\",\n    \"phone\": \"Phone Number:\",\n    \"phone_placeholder\": \"(555) 555-5555\",\n    \"email\": \"Email Address:\",\n    \"email_placeholder\": \"Email Address\",\n    \"order\": \"Order Number:\",\n    \"order_placeholder\": \"Order #\",\n    \"question\": \"Question:\",\n    \"question_placeholder\": \"Tell us what we can do for you.\",\n    \"submit\": \"Send Message\",\n    \"successful\": \"Thanks for your message. We'll get back to you as soon as we can.\",\n    \"captcha\": \"Security Question\",\n    \"captcha_desc\": \"This form is to prove that you're human. Enter the characters displayed.\"\n  },\n  \"product\": {\n    \"excluding_tax\": \"(exc. tax)\",\n    \"including_tax\": \"(inc. tax)\",\n    \"you_save\": \"You save\",\n    \"none\": \"None Selected\",\n    \"sale\": \"Sale\",\n    \"quantity\": \"Quantity\",\n    \"pre_order\": \"Pre-Order\",\n    \"add_to_cart\": \"Add To Cart\",\n    \"select_an_option\": \"Please Choose An Option\",\n    \"related_products\": \"Related Products\",\n    \"add_to_wishlist\": \"Add to Wishlist\",\n    \"description\": \"Description\",\n    \"sold_out\": \"Sold Out\",\n    \"shipping\": \"Shipping\",\n    \"success\": \"'*product*' has been successfully added to your cart. <a href='{cartUrl}'>View cart</a> or <a href='{checkoutUrl}'>Checkout</a>\",\n    \"cart_link\": \"View Cart\",\n    \"checkout_link\": \"Check Out\",\n    \"error_message_general\": \"We were unable to add this product to your cart. Please try again later. Contact us if you continue to have issues.\",\n    \"error_message_stock\": \"Unfortunately, we do not have *quantity* in stock.\",\n    \"shipping_calculated\": \"Shipping rate calculated at checkout\",\n    \"shipping_free\": \"This product has free shipping.\",\n    \"shipping_fixed\": \"Fixed rate: {amount}\",\n    \"bulk_pricing\": {\n      \"title\": \"Bulk Pricing:\",\n      \"range\": \"From {min} to {max} -- \",\n      \"percent\": \"Discount per item ({discount})\",\n      \"fixed\": \"Discount per item ({discount})\",\n      \"price\": \"Discount per item ({discount})\"\n    },\n    \"details\": {\n      \"title\": \"Details\",\n      \"availability\": \"Availability\",\n      \"depth\": \"Depth\",\n      \"gift_wrap\": \"Gift Wrapping\",\n      \"gift_wrap_avail\": \"Available\",\n      \"height\": \"Height\",\n      \"release_date\": \"Release Date\",\n      \"shipping\": \"Shipping Information\",\n      \"sku\": \"SKU\",\n      \"gtin\": \"Global Trade Item Number\",\n      \"mpn\": \"Manufacturer Part Number\",\n      \"warranty\": \"Warranty Information\",\n      \"weight\": \"Weight\",\n      \"width\": \"Width\",\n      \"condition\": \"Condition\",\n      \"current_stock\": \"Current Stock\"\n    },\n    \"pick_one\": \"Pick One\",\n    \"reviews\": {\n      \"heading\": \"Reviews\",\n      \"total_rating\": \"{rating} out of 5 (based on {numRatings, plural, one {# rating} other {# ratings}})\",\n      \"write_review\": \"Write a Review\",\n      \"no_reviews\": \"There are no reviews for this product yet.\",\n      \"leave_review\": \"leave a review\",\n      \"show_more_reviews\": \"Show more reviews...\",\n      \"rating_label\": \"Your Rating:\",\n      \"stars_count\": \"{NUM, plural, one {# Star} other {# Stars}}\",\n      \"posted_by_on\": \"Posted by {name}, {date}\",\n      \"form\": {\n        \"name\": \"Name\",\n        \"your_name\": \"Your Name\",\n        \"subject\": \"Subject\",\n        \"your_subject\": \"Your Review Subject\",\n        \"email\": \"Email Address\",\n        \"your_email\": \"Your Email Address\",\n        \"comments\": \"Comments\",\n        \"your_comments\": \"Your Comments\",\n        \"submit\": \"Submit Review\"\n      }\n    }\n  },\n  \"forms\": {\n    \"validation\": {\n      \"required\": \"This field is required.\",\n      \"email\": \"Your E-mail address appears to be invalid.\",\n      \"number\": \"You can enter only numbers in this field.\",\n      \"num_max\": \"Please enter a number less than {max}.\",\n      \"num_min\": \"Please enter a number greater than {min}.\",\n      \"num_range\": \"Please enter a number greater than {min} and less than {max}.\",\n      \"max_length\": \"Maximum {count} characters allowed.\",\n      \"min_length\": \"Minimum {count} characters allowed.\",\n      \"max_checked\": \"Maximum {count} options allowed.\",\n      \"min_checked\": \"Please select minimum {count} options.\",\n      \"max_selected\": \"Maximum {count} selection allowed.\",\n      \"min_selected\": \"Minimum {count} selection allowed.\",\n      \"not_equal\": \"Fields do not match.\",\n      \"different\": \"Fields cannot be the same as each other.\",\n      \"pick_theme\": \"Please select a theme.\",\n      \"terms_agree\": \"You must agree to these terms before continuing.\"\n    },\n    \"file\": {\n      \"types\": \"Acceptable file uploads: {file_types}\",\n      \"size\": \"File size: {bytes}\"\n    },\n    \"address\": {\n      \"add\": {\n        \"heading\": \"Add New Address\",\n        \"description\": \"Use the form below to change any/all details of your shipping address. Click the 'Save Address' button when you are done.\"\n      },\n      \"edit\": {\n        \"heading\": \"Update Address\"\n      },\n      \"submit_value\": \"Save Address\"\n    },\n    \"swatches_none_selected\": \"None Selected\",\n    \"date\": {\n      \"day\": \"Day\",\n      \"month\": \"Month\",\n      \"year\": \"Year\",\n      \"bounds\": \"Must be between {start_date} and {end_date}.\"\n    }\n  },\n  \"rss\": {\n    \"heading\": \"RSS Syndication\",\n    \"intro\": \"RSS feeds are used for syndicating regularly changing content on a web site, including this one. You can open an RSS feed using an RSS reader and use it to see if there is any new content on this site or you can set up a server-side script to parse the feed and display it on your web site.\",\n    \"blog\": {\n      \"heading\": \"Recent Blog Posts\",\n      \"intro\": \"The recent post feed contains the latest {limit} blog posts published on {store}.\",\n      \"rss\": \"Latest {limit} Blog Posts (RSS)\",\n      \"rss_atom\": \"Latest {limit} Blog Posts (Atom)\"\n    },\n    \"products_new\": {\n      \"heading\": \"New Products\",\n      \"intro\": \"The latest products feed contains the latest {limit} products added to {store}.\",\n      \"rss\": \"Latest {limit} New Products (RSS)\",\n      \"rss_atom\": \"Latest {limit} New Products (Atom)\"\n    },\n    \"products_popular\": {\n      \"heading\": \"Popular Products\",\n      \"intro\": \"The popular products feed contains the top {limit} most popular products on {store} as rated by users.\",\n      \"rss\": \"Latest {limit} Popular Products (RSS)\",\n      \"rss_atom\": \"Latest {limit} Popular Products (Atom)\"\n    },\n    \"products_featured\": {\n      \"heading\": \"Featured Products\",\n      \"intro\": \"The featured products feed contains the latest {limit} featured products on {store}.\",\n      \"rss\": \"Latest {limit} Featured Products (RSS)\",\n      \"rss_atom\": \"Latest {limit} Featured Products (Atom)\"\n    },\n    \"search\": {\n      \"heading\": \"Product Searches\",\n      \"intro1\": \"Product search feeds allow you to save your custom product searches as syndication feed that will always update when there are new results.\",\n      \"intro2\": \"To create a product search feed, perform a standard search on {store} and at the bottom of the page click on one of the syndication options.\"\n    }\n  },\n  \"core\": {\n    \"pagination\": {\n      \"page\": \"Page\",\n      \"of\": \"of\",\n      \"previous\": \"Previous\",\n      \"next\": \"Next\"\n    },\n    \"product\": {\n      \"compare\": \"Compare\",\n      \"sale\": \"On Sale\",\n      \"pick_one\": \"Pick one\",\n      \"quickshop\": {\n        \"view\": \"Quick View\"\n      }\n    },\n    \"rating\": {\n      \"total_votes\": \"({votes})\"\n    },\n    \"price\": {\n      \"with_tax\": \"(Inc. {tax_label})\",\n      \"without_tax\": \"(Ex. {tax_label})\",\n      \"you_save\": \"(You save {amount})\"\n    },\n    \"contact\": {\n      \"full_name\": \"Full Name\",\n      \"full_name_placeholder\": \"Full Name\",\n      \"phone\": \"Phone Number\",\n      \"phone_placeholder\": \"Phone Number\",\n      \"email\": \"Email Address\",\n      \"email_placeholder\": \"Email Address\",\n      \"order\": \"Order Number\",\n      \"order_placeholder\": \"Order Number\",\n      \"company\": \"Company Name\",\n      \"company_placeholder\": \"Company Name\",\n      \"rma\": \"RMA Number\",\n      \"rma_placeholder\": \"RMA Number\",\n      \"captcha\": \"Are you human?\",\n      \"captcha_placeholder\": \"Captcha\",\n      \"question\": \"Comments/Questions\",\n      \"question_placeholder\": \"Enter your comments here\",\n      \"submit\": \"Submit Message\",\n      \"successful\": \"We've received your feedback and will respond shortly if required. <a href=\\\"{shopPath}\\\">Continue</a>.\"\n    },\n    \"giftcard\": {\n      \"heading\": \"Gift Certificates\",\n      \"purchase\": {\n        \"heading\": \"Purchase Gift Certificate\",\n        \"subheading\": \"This gift certificate will be emailed to the recipient after your order has been paid for.\",\n        \"to_name\": \"Recipient's Name\",\n        \"to_email\": \"Recipient's Email\",\n        \"from_name\": \"Your Name\",\n        \"from_email\": \"Your Email\",\n        \"message\": \"Message (optional)\",\n        \"amount\": \"Amount\",\n        \"preview\": \"Preview Theme\",\n        \"theme\": \"Gift Certificate Theme\",\n        \"custom_range\": \"(Value must be between {min} and {max})\",\n        \"agree\": \"I understand that Gift Certificates expire after {days, plural, one {1 day} other {# days}}\",\n        \"agree2\": \"I agree that Gift Certificates are nonrefundable\",\n        \"submit_value\": \"Add Gift Certificate to Cart\",\n        \"update_value\": \"Update Gift Certificate\"\n      },\n      \"balance\": {\n        \"heading\": \"Check Gift Certificate Balance\",\n        \"subheading\": \"You can check the balance of a gift certificate by typing the code in to the box below.\",\n        \"code\": \"Gift Certificate Code\",\n        \"submit_value\": \"Check Balance\"\n      },\n      \"redeem\": {\n        \"heading\": \"Redeem Gift Certificate\",\n        \"subheading\": \"To redeem a gift certificate at {store_name}, follow the simple steps below.\",\n        \"item1\": \"You need your unique gift certificate code, which is part of the gift certificate that was emailed to you as an attachment. It will look something like Z50-Y6K-COS-402.\",\n        \"item2\": \"Browse the store and add items to your cart as you normally would.\",\n        \"item3\": \"Click the '<a href=\\\"{cart_url}\\\">View Cart</a>' link to view the contents of your shopping cart.\",\n        \"item4\": \"Type your gift certificate code in to the 'Redeem Gift Certificate' box and click 'Go'.\"\n      }\n    },\n    \"account\": {\n      \"common\": {\n        \"yes\": \"Yes\",\n        \"no\": \"No\",\n        \"edit\": \"Edit\",\n        \"delete\": \"Delete\",\n        \"share\": \"Share\",\n        \"required\": \"Required\",\n        \"cancel\": \"Cancel\",\n        \"store_credit\": \"You have <strong>{store_credit}</strong> of store credit. To use it, simply place your order and you will be able to choose store credit as the payment method when it comes time to pay for your order.\"\n      },\n      \"menu\": {\n        \"orders\": \"Orders\",\n        \"returns\": \"Returns\",\n        \"addresses\": \"Addresses\",\n        \"wishlists\": \"Wishlists\",\n        \"recently_viewed\": \"Recently Viewed\",\n        \"settings\": \"Account Settings\",\n        \"messages\": \"Messages\"\n      },\n      \"receipt\": {\n        \"heading\": \"Order #{number}\",\n        \"billing_title\": \"Bill To\",\n        \"shipping_title\": \"Ship To\",\n        \"ship_to_multi_text\": \"Order will be shipped to multiple addresses.\",\n        \"actions\": {\n          \"print_invoice\": \"Print Invoice\",\n          \"reorder_items\": \"Reorder\",\n          \"return_items\": \"Request Return\"\n        },\n        \"items\": {\n          \"title\": \"Items\",\n          \"product_title\": \"{quantity} × {name}\",\n          \"options\": \"Options\",\n          \"customizations\": \"Customizations\",\n          \"gift_wrapping\": \"Gift wrapping\",\n          \"refunded\": \"Refunded\",\n          \"reorder\": \"Reorder\",\n          \"download\": \"Download items\"\n        },\n        \"shipments\": {\n          \"title\": \"Shipments\",\n          \"date\": \"Date\",\n          \"provider\": \"Provider\",\n          \"link\": \"Tracking Number\"\n        }\n      },\n      \"return\": {\n        \"heading\": \"Return Items from Order #{id}\",\n        \"empty\": \"This order contains no products that can be returned. Have you already returned all of the items within this order?\",\n        \"order_item\": \"Item\",\n        \"item_price\": \"Price\",\n        \"quantity\": \"Qty To Return\",\n        \"reason\": \"Return Reason\",\n        \"action\": \"Return Action\",\n        \"comments\": \"Comments\",\n        \"request_return\": \"Submit Return Request\"\n      },\n      \"download\": {\n        \"heading\": \"{name} (#{number})\",\n        \"expired\": \"File has expired\",\n        \"days_remaining\": \"{days} days remaining\",\n        \"downloads_remaining\": \"{downloads} downloads remaining\"\n      },\n      \"invoice\": {\n        \"heading\": \"Order #{number}\",\n        \"billing_title\": \"Bill To\",\n        \"product_title\": \"Item\",\n        \"quantity_title\": \"Quantity\",\n        \"price_title\": \"Price\",\n        \"giftwrap\": \"Giftwrapping\",\n        \"quantity\": \"{quantity} × {price}\"\n      },\n      \"orders\": {\n        \"heading_all\": \"Orders\",\n        \"heading_completed\": \"Completed Orders\",\n        \"view_all\": \"View All\",\n        \"items\": {\n          \"number\": \"Order #{number}\",\n          \"description\": \"{num_products, plural, one {1 item} other {# items}} totaling {cost}\",\n          \"placed\": \"Placed On\",\n          \"updated\": \"Updated On\",\n          \"empty\": \"You haven't placed any orders yet.\"\n        }\n      },\n      \"addresses\": {\n        \"heading\": \"Addresses\",\n        \"add_heading\": \"Add New Address\",\n        \"edit_heading\": \"Edit Address\",\n        \"primary\": \"Primary\",\n        \"phone\": \"Phone: {phone_number}\",\n        \"new_address\": \"New Address\",\n        \"no_addresses\": \"You currently have no addresses added to your profile\",\n        \"submit\": \"Save Address\"\n      },\n      \"wishlists\": {\n        \"heading\": \"Wishlists\",\n        \"new\": \"New Wishlist\",\n        \"num_items\": \"# Items\",\n        \"add_item\": \"Add to wishlist\",\n        \"wishlist_name\": \"Wishlist Name\",\n        \"make_public\": \"Make wishlist public\",\n        \"public\": \"Public\",\n        \"action\": \"Action\",\n        \"add\": \"Add Wishlist\",\n        \"delete_all\": \"Delete All\",\n        \"edit\": \"Edit Wishlist\",\n        \"view_heading\": \"Wishlist: {name}\",\n        \"share_intro\": \"Share this wishlist with friends\",\n        \"wishlist_contents\": \"Wishlist Contents\",\n        \"num_products\": \"{num_products, plural, one {1 product} other {# products}}\",\n        \"create\": \"Create Wishlist\",\n        \"save\": \"Save Wishlist\",\n        \"compare\": \"Compare\",\n        \"empty\": \"You have no wishlists.\",\n        \"details_empty\": \"There are no items in this wishlist.\"\n      },\n      \"recent_items\": {\n        \"heading\": \"Recently Viewed\",\n        \"compare\": \"Compare\",\n        \"empty\": \"You haven't viewed any items recently.\"\n      },\n      \"returns\": {\n        \"heading\": \"Returns\",\n        \"successful\": \"Your return was submitted successfully. We'll respond as soon as we can.\",\n        \"no_returns\": \"You haven't made any returns yet.\",\n        \"list\": {\n          \"title\": \"{quantity} × {name}\",\n          \"number\": \"Return #{number}\",\n          \"date\": \"Requested\",\n          \"action\": \"Action\",\n          \"reason\": \"Reason\",\n          \"comments\": \"Comments\"\n        },\n        \"status\": {\n          \"pending\": \"Pending\",\n          \"received\": \"Received\",\n          \"authorized\": \"Authorized\",\n          \"repaired\": \"Repaired\",\n          \"refunded\": \"Refunded\",\n          \"rejected\": \"Rejected\",\n          \"cancelled\": \"Cancelled\"\n        }\n      },\n      \"settings\": {\n        \"heading\": \"Account Settings\",\n        \"first_name\": \"First Name\",\n        \"last_name\": \"Last Name\",\n        \"company\": \"Company\",\n        \"phone\": \"Phone Number\",\n        \"submit\": \"Update Details\"\n      },\n      \"messages\": {\n        \"heading\": \"Messages\",\n        \"customer_said\": \"You said:\",\n        \"merchant_said\": \"{store_name} said:\",\n        \"no_messages\": \"You have no messages at this time.\",\n        \"list\": {\n          \"message_date\": \"Date\",\n          \"message_subject\": \"Subject\",\n          \"message_name\": \"Message\"\n        }\n      },\n      \"inbox\": {\n        \"order\": \"Order\",\n        \"order_pick_one\": \"Select an order...\",\n        \"order_display\": \"Order #{id} / {date} / {total}\",\n        \"subject\": \"Subject\",\n        \"message\": \"Message\",\n        \"show_form\": \"Send Message\",\n        \"submit\": \"Send Message\",\n        \"clear\": \"Clear\"\n      },\n      \"products\": {\n        \"current_stock\": \"Current Stock:\",\n        \"quantity\": \"Quantity:\",\n        \"quantity_decrease\": \"Decrease Quantity:\",\n        \"quantity_increase\": \"Increase Quantity:\",\n        \"related_products\": \"Related Products\",\n        \"top\": \"Most Popular Products\",\n        \"similar_by_views\": \"Customers Also Viewed\",\n        \"featured\": \"Featured Products\",\n        \"new\": \"New Products\",\n        \"tabs\": {\n          \"details\": \"Details\",\n          \"reviews\": \"Reviews\",\n          \"delivery\": \"Delivery\"\n        },\n        \"reviews\": {\n          \"captcha_heading\": \"Security Question\",\n          \"hide\": \"Hide Reviews\",\n          \"new\": \"Write a Review\",\n          \"show\": \"Show Reviews\",\n          \"header\": \"{total, plural, =0{0 Reviews} one {# Review} other {# Reviews}}\",\n          \"rating_label\": \"Rating\",\n          \"link_to_review\": \"({total, plural, =0{No reviews yet} one {# review} other {# reviews}})\",\n          \"post_on_by\": \"Posted by { name } on { date }\",\n          \"select_rating\": \"Select Rating\",\n          \"anonymous_poster\": \"Unknown\",\n          \"rating\": {\n            \"1\": \"1 star (worst)\",\n            \"2\": \"2 stars\",\n            \"3\": \"3 stars (average)\",\n            \"4\": \"4 stars\",\n            \"5\": \"5 stars (best)\"\n          },\n          \"write_a_review\": \"Write a Review\",\n          \"form_write\": {\n            \"name\": \"Name\",\n            \"email\": \"Email\",\n            \"subject\": \"Review Subject\",\n            \"comments\": \"Comments\",\n            \"submit_value\": \"Submit Review\"\n          }\n        },\n        \"videos\": {\n          \"header\": \"Videos\",\n          \"hide\": \"Hide Videos\",\n          \"show\": \"Show Videos\"\n        },\n        \"add_to_cart\": \"Add to Cart\",\n        \"options\": \"Options\",\n        \"sku\": \"SKU\",\n        \"condition\": \"Condition\",\n        \"availability\": \"Availability\",\n        \"shipping\": \"Shipping Cost\",\n        \"shipping_fixed\": \"{amount} (Fixed Shipping Cost)\",\n        \"shipping_free\": \"Free Shipping\",\n        \"sold_out\": \"Sold Out\",\n        \"pre_order\": \"Pre-Order Now\",\n        \"choose_options\": \"Choose Options\",\n        \"quick_view\": \"Quick view\",\n        \"compare\": \"Compare\",\n        \"upload\": \"Upload\",\n        \"max_filesize\": \"Maximum file size is: {bytes}KB\",\n        \"filetypes\": \"File types are: {file_types}\",\n        \"choose_an_option\": \"Please choose an option\",\n        \"select_one\": \"Please select one\",\n        \"description\": \"Description\",\n        \"retail_price\": \"MSRP {price}\",\n        \"price_with_tax\": \"{price} (Inc. {tax_label})\",\n        \"price_without_tax\": \"{price} (Ex. {tax_label})\",\n        \"weight\": \"Weight\",\n        \"you_save\": \"(You save {amount})\"\n      }\n    },\n    \"invoice\": {\n      \"for_order\": \"{name} Invoice for Order #{id}\",\n      \"phone\": \"Phone: {number}\",\n      \"email\": \"Email: {email}\",\n      \"order\": \"Order:\",\n      \"payment_method\": \"Payment Method:\",\n      \"order_date\": \"Order Date:\",\n      \"shipping_method\": \"Shipping Method:\",\n      \"order_items\": \"Order Items\",\n      \"qty\": \"Qty\",\n      \"code\": \"Code/SKU\",\n      \"shipping_address\": \"Shipping Address\",\n      \"product_name\": \"Product Name\",\n      \"price\": \"Price\",\n      \"total\": \"Total\",\n      \"comments\": \"Comments\"\n    },\n    \"auth\": {\n      \"login\": {\n        \"login_form\": {\n          \"heading\": \"Log in\",\n          \"email_address\": \"Email Address\",\n          \"password\": \"Password\",\n          \"submit\": \"Log In\",\n          \"forgot_password\": \"Forgot password?\"\n        },\n        \"create_form\": {\n          \"heading\": \"New Customer\",\n          \"intro\": \"Create an account with us and you'll be able to:\",\n          \"fact_faster\": \"Check out faster\",\n          \"fact_addresses\": \"Save multiple shipping addresses\",\n          \"fact_order_history\": \"Access your order history\",\n          \"fact_track_orders\": \"Track new orders\",\n          \"fact_wishlist\": \"Save items to your wish list\",\n          \"create_account\": \"Create Account\"\n        }\n      },\n      \"create\": {\n        \"heading\": \"Create Account\",\n        \"submit\": \"Create Account\"\n      },\n      \"created\": {\n        \"heading\": \"Account Created\",\n        \"message\": \"Your <em>{store_name}</em> account was created with the email address: <em>{email}</em>\",\n        \"continue\": \"Continue\"\n      },\n      \"new_password\": {\n        \"heading\": \"New Password\",\n        \"password\": \"New Password\",\n        \"password2\": \"Confirm Password\",\n        \"submit\": \"Update Password\",\n        \"passwords_no_match\": \"Your passwords do not match.\"\n      },\n      \"forgot\": {\n        \"heading\": \"Forgot Password\",\n        \"message\": \"Fill in your email below to request a new password. An email will be sent to the address below containing a link to verify your email address.\",\n        \"email_address\": \"Email Address\",\n        \"submit\": \"Reset Password\"\n      }\n    },\n    \"unavailable\": {\n      \"maintenance_heading\": \"Down for maintenance\",\n      \"maintenance_message\": \"This store is currently unavailable due to maintenance. It should be available again shortly. We apologize for any inconvenience caused.\",\n      \"hibernation_heading\": \"We'll be back\",\n      \"hibernation_message\": \"Thanks for visiting. Our store is currently unavailable. We apologize for any inconvenience caused.\"\n    }\n  }\n}\n"}
